time,vid,speed,degree,avg_neighbor_dist,rel_speed_avg,keep_ratio,stable_label
16.0,4,13.44,1,140.53999999999996,10.08,1.0,1
16.0,5,10.49,1,35.829999999999984,10.49,1.0,1
16.0,7,3.36,1,140.53999999999996,10.08,1.0,1
16.0,8,0.0,1,35.829999999999984,10.49,1.0,1
17.0,4,13.9,1,132.22999999999996,8.31,1.0,1
17.0,5,11.17,1,45.370000000000005,9.55,1.0,1
17.0,7,5.59,1,132.22999999999996,8.31,1.0,1
17.0,8,1.62,1,45.370000000000005,9.55,1.0,1
18.0,4,14.0,1,125.13999999999993,7.09,1.0,1
18.0,5,11.23,1,52.56,7.19,1.0,1
18.0,7,6.91,1,125.13999999999993,7.09,1.0,1
18.0,8,4.04,1,52.56,7.19,1.0,1
19.0,4,14.2,1,120.38999999999999,4.75,1.0,1
19.0,5,11.52,1,57.969999999999985,5.39,1.0,1
19.0,7,9.45,1,120.38999999999999,4.75,1.0,1
19.0,8,6.13,1,57.969999999999985,5.39,1.0,1
20.0,4,14.28,1,117.55000000000007,2.83,1.0,1
20.0,5,10.74,1,61.18000000000001,3.2200000000000006,1.0,1
20.0,7,11.45,1,117.55000000000007,2.83,1.0,1
20.0,8,7.52,1,61.18000000000001,3.2200000000000006,1.0,1
21.0,0,9.79,1,142.10619831661114,1.4000000000000004,1.0,1
21.0,10,0.0,1,9.740000000000009,5.0,1.0,1
21.0,4,13.44,1,115.29999999999995,2.25,1.0,1
21.0,5,11.4,1,62.78,1.5999999999999996,1.0,1
21.0,7,11.19,2,128.70309915830555,1.8250000000000002,1.0,1
21.0,8,9.8,1,62.78,1.5999999999999996,1.0,1
21.0,9,5.0,1,9.740000000000009,5.0,1.0,1
22.0,0,12.38,1,133.99609434606668,1.040000000000001,1.0,1
22.0,1,2.81,1,13.847718223591917,2.81,1.0,1
22.0,10,2.53,1,14.059999999999945,4.33,1.0,1
22.0,11,0.0,1,13.847718223591917,2.81,1.0,1
22.0,4,13.49,1,113.13999999999999,2.1500000000000004,1.0,1
22.0,5,11.33,1,62.61,0.16000000000000014,1.0,1
22.0,7,11.34,2,123.56804717303334,1.5950000000000006,1.0,1
22.0,8,11.49,1,62.61,0.16000000000000014,1.0,1
22.0,9,6.86,1,14.059999999999945,4.33,1.0,1
23.0,0,14.3,1,128.22897683441133,2.8200000000000003,1.0,1
23.0,1,3.38,1,18.039769954187307,0.9099999999999997,1.0,1
23.0,10,4.3,1,18.370000000000005,4.319999999999999,1.0,1
23.0,11,2.47,1,18.039769954187307,0.9099999999999997,1.0,1
23.0,4,13.18,1,111.44000000000005,1.6999999999999993,0.0,0
23.0,5,10.86,1,61.02000000000001,1.5899999999999999,1.0,1
23.0,7,11.48,2,119.83448841720569,2.26,0.5,1
23.0,8,12.45,1,61.02000000000001,1.5899999999999999,1.0,1
23.0,9,8.62,1,18.370000000000005,4.319999999999999,1.0,1
24.0,0,14.06,1,124.77471057870659,2.58,1.0,1
24.0,1,4.88,1,23.86156113920457,0.8899999999999997,1.0,1
24.0,10,6.76,1,22.110000000000014,3.7300000000000004,1.0,1
24.0,11,3.99,1,23.86156113920457,0.8899999999999997,1.0,1
24.0,4,10.58,1,112.35000000000002,0.9000000000000004,0.0,0
24.0,5,10.41,1,59.21000000000001,1.8100000000000005,1.0,1
24.0,7,11.48,2,118.5623552893533,1.7400000000000002,0.5,1
24.0,8,12.22,1,59.21000000000001,1.8100000000000005,1.0,1
24.0,9,10.49,1,22.110000000000014,3.7300000000000004,1.0,1
25.0,0,14.42,1,124.11694848005247,2.8900000000000006,0.0,0
25.0,1,7.47,1,33.08418957750058,1.4299999999999997,1.0,1
25.0,10,8.84,1,24.519999999999982,2.42,1.0,1
25.0,11,6.04,1,33.08418957750058,1.4299999999999997,1.0,1
25.0,4,6.46,1,117.42000000000007,5.069999999999999,0.0,0
25.0,5,11.49,1,58.27,0.9299999999999997,1.0,1
25.0,7,11.53,2,120.76847424002628,3.98,0.0,0
25.0,8,12.42,1,58.27,0.9299999999999997,1.0,1
25.0,9,11.26,1,24.519999999999982,2.42,1.0,1
26.0,0,13.65,1,125.6172444372189,2.1400000000000006,0.0,0
26.0,1,9.87,1,45.5191838679034,1.8699999999999992,1.0,1
26.0,10,10.26,1,25.539999999999964,1.0199999999999996,1.0,1
26.0,11,8.0,1,45.5191838679034,1.8699999999999992,1.0,1
26.0,4,3.76,1,125.3820102726065,7.75,0.0,0
26.0,5,10.86,1,56.99,1.2800000000000011,1.0,1
26.0,7,11.51,2,125.49962735491269,4.945,0.0,0
26.0,8,12.14,1,56.99,1.2800000000000011,1.0,1
26.0,9,11.28,1,25.539999999999964,1.0199999999999996,1.0,1
27.0,0,13.88,1,129.50172392674935,1.8500000000000014,0.0,0
27.0,1,12.16,1,61.12605418313865,2.120000000000001,0.0,0
27.0,10,12.57,1,23.610000000000014,1.9299999999999997,1.0,1
27.0,11,10.04,1,61.12605418313865,2.120000000000001,0.0,0
27.0,4,2.95,1,138.13150437173994,9.079999999999998,0.0,0
27.0,5,10.8,1,55.44,1.549999999999999,1.0,1
27.0,7,12.03,2,133.81661414924463,5.465,0.0,0
27.0,8,12.35,1,55.44,1.549999999999999,1.0,1
27.0,9,10.64,1,23.610000000000014,1.9299999999999997,1.0,1
28.0,0,14.21,2,128.31362418046658,8.650000000000002,0.0,0
28.0,1,12.85,1,78.49474377307052,1.1099999999999994,0.0,0
28.0,10,11.97,1,23.150000000000034,0.46000000000000085,1.0,1
28.0,11,11.74,1,78.49474377307052,1.1099999999999994,0.0,0
28.0,14,0.0,2,84.79111675781171,12.665,0.5,1
28.0,5,10.86,1,53.870000000000005,1.5700000000000003,1.0,1
28.0,7,11.12,2,92.94621023820689,7.105,0.5,1
28.0,8,12.43,1,53.870000000000005,1.5700000000000003,1.0,1
28.0,9,11.51,1,23.150000000000034,0.46000000000000085,1.0,1
29.0,0,14.71,2,140.3753792336975,8.09,0.0,0
29.0,1,12.47,1,97.16250408465189,1.4399999999999995,0.0,0
29.0,10,12.46,1,21.430000000000007,1.7200000000000006,1.0,1
29.0,11,13.91,1,97.16250408465189,1.4399999999999995,0.0,0
29.0,14,1.96,2,85.60183459225495,11.035,0.5,1
29.0,5,7.83,1,49.05,4.8100000000000005,1.0,1
29.0,7,11.28,2,90.99517353910538,6.375000000000001,0.5,1
29.0,8,12.64,1,49.05,4.8100000000000005,1.0,1
29.0,9,10.74,1,21.430000000000007,1.7200000000000006,1.0,1
30.0,0,13.49,1,148.8451964290417,9.05,0.0,0
30.0,1,12.4,1,115.17125769913252,0.6600000000000001,0.0,0
30.0,10,11.13,2,51.10500000000002,5.585000000000001,1.0,1
30.0,11,13.06,1,115.17125769913252,0.6600000000000001,0.0,0
30.0,14,4.44,2,84.44118593934513,8.235,0.5,1
30.0,15,0.0,2,91.51000000000005,11.11,1.0,1
30.0,5,3.57,1,39.79,9.28,1.0,1
30.0,7,11.86,1,20.037175449648558,7.419999999999999,1.0,1
30.0,8,12.85,1,39.79,9.28,1.0,1
30.0,9,11.09,2,61.80500000000001,5.565,1.0,1
31.0,1,12.47,1,133.84396661784945,1.4499999999999993,0.0,0
31.0,10,11.22,2,55.61499999999998,4.65,1.0,1
31.0,11,13.92,1,133.84396661784945,1.4499999999999993,0.0,0
31.0,14,5.83,1,3.701297069947244,6.25,1.0,1
31.0,15,2.06,2,100.60499999999996,9.09,1.0,1
31.0,5,2.19,1,28.964614618530657,10.51,1.0,1
31.0,7,12.08,1,3.701297069947244,6.25,1.0,1
31.0,8,12.7,1,28.964614618530657,10.51,1.0,1
31.0,9,11.08,2,66.23999999999998,4.58,1.0,1
32.0,10,11.85,2,59.360000000000014,4.3149999999999995,1.0,1
32.0,11,13.25,1,79.04479995546825,13.25,1.0,1
32.0,14,8.21,1,17.97709932108075,3.129999999999999,1.0,1
32.0,15,3.79,2,108.38000000000002,7.774999999999999,1.0,1
32.0,16,0.0,1,79.04479995546825,13.25,1.0,1
32.0,2,13.67,1,130.9866577174943,1.1099999999999994,1.0,1
32.0,3,14.78,1,130.9866577174943,1.1099999999999994,1.0,1
32.0,5,1.81,1,17.94360610356792,9.18,1.0,1
32.0,7,11.34,1,17.97709932108075,3.129999999999999,1.0,1
32.0,8,10.99,1,17.94360610356792,9.18,1.0,1
32.0,9,11.28,2,69.70000000000002,4.029999999999999,1.0,1
33.0,10,11.5,2,61.875,2.665,1.0,1
33.0,11,14.16,1,62.80157959796874,12.06,1.0,1
33.0,14,9.65,1,35.145981278092094,1.9900000000000002,1.0,1
33.0,15,6.32,2,113.48499999999999,5.1049999999999995,1.0,1
33.0,16,2.1,1,62.80157959796874,12.06,1.0,1
33.0,2,13.96,1,110.52535862868757,1.0,1.0,1
33.0,3,14.96,1,110.52535862868757,1.0,1.0,1
33.0,5,1.76,1,8.653415510652424,6.42,1.0,1
33.0,7,7.66,1,35.145981278092094,1.9900000000000002,1.0,1
33.0,8,8.18,1,8.653415510652424,6.42,1.0,1
33.0,9,11.35,2,72.14000000000001,2.59,1.0,1
34.0,1,12.21,1,144.3624483721442,1.549999999999999,1.0,1
34.0,10,10.81,2,63.28999999999999,1.415,1.0,1
34.0,11,13.74,1,45.382958255274616,10.030000000000001,1.0,1
34.0,13,13.76,1,144.3624483721442,1.549999999999999,1.0,1
34.0,14,11.06,1,50.34383080378374,6.050000000000001,1.0,1
34.0,15,8.91,2,115.85,2.365,1.0,1
34.0,16,3.71,1,45.382958255274616,10.030000000000001,1.0,1
34.0,2,13.95,1,90.42474218929243,0.5400000000000009,1.0,1
34.0,3,14.49,1,90.42474218929243,0.5400000000000009,1.0,1
34.0,5,4.15,1,3.4968700290402457,1.1499999999999995,1.0,1
34.0,7,5.01,1,50.34383080378374,6.050000000000001,1.0,1
34.0,8,5.3,1,3.4968700290402457,1.1499999999999995,1.0,1
34.0,9,11.74,2,74.01999999999998,1.88,1.0,1
35.0,1,12.76,1,125.48268725206678,1.790000000000001,1.0,1
35.0,10,11.95,2,63.609999999999985,0.41499999999999915,1.0,1
35.0,11,14.19,1,25.21388704662571,8.129999999999999,1.0,1
35.0,13,14.55,1,125.48268725206678,1.790000000000001,1.0,1
35.0,14,13.12,1,64.26213893110008,8.36,1.0,1
35.0,15,11.21,2,116.53499999999997,0.6949999999999985,1.0,1
35.0,16,6.06,1,25.21388704662571,8.129999999999999,1.0,1
35.0,2,13.11,1,70.68571072005997,1.6400000000000006,1.0,1
35.0,3,14.75,1,70.68571072005997,1.6400000000000006,1.0,1
35.0,5,5.49,1,10.672375555610845,2.1700000000000004,1.0,1
35.0,7,4.76,1,64.26213893110008,8.36,1.0,1
35.0,8,3.32,1,10.672375555610845,2.1700000000000004,1.0,1
35.0,9,11.86,2,74.29499999999999,0.3699999999999992,1.0,1
36.0,1,12.72,1,106.21963848554562,2.459999999999999,1.0,1
36.0,10,12.37,2,62.70000000000002,0.9100000000000001,1.0,1
36.0,11,13.28,1,4.676334034262316,4.959999999999999,1.0,1
36.0,13,15.18,1,106.21963848554562,2.459999999999999,1.0,1
36.0,14,12.72,1,77.60497535596541,5.660000000000001,0.0,0
36.0,15,12.44,3,100.19793326024508,4.776666666666666,0.6666666666666666,1
36.0,16,8.32,1,4.676334034262316,4.959999999999999,1.0,1
36.0,18,0.0,1,69.41379978073516,12.44,0.0,0
36.0,2,13.44,1,50.62004444881496,1.4700000000000006,1.0,1
36.0,3,14.91,1,50.62004444881496,1.4700000000000006,1.0,1
36.0,5,7.28,2,82.06048298858991,5.625,1.0,1
36.0,6,14.5,2,144.15722616541177,9.235,1.0,1
36.0,7,7.06,1,77.60497535596541,5.660000000000001,0.0,0
36.0,8,3.25,2,80.61114027745684,7.640000000000001,1.0,1
36.0,9,10.62,2,72.51000000000002,1.7850000000000001,1.0,1
37.0,10,11.02,2,62.224999999999994,0.5550000000000006,1.0,1
37.0,11,13.51,1,20.51115793903406,3.3599999999999994,1.0,1
37.0,14,13.76,1,92.64033948556101,5.16,0.0,0
37.0,15,12.05,3,104.04725101866165,4.180000000000001,0.6666666666666666,1
37.0,16,10.15,1,20.51115793903406,3.3599999999999994,1.0,1
37.0,18,1.49,1,82.94175305598502,10.56,0.0,0
37.0,2,12.76,1,32.02461553243072,0.7599999999999998,1.0,1
37.0,3,13.52,1,32.02461553243072,0.7599999999999998,1.0,1
37.0,5,9.37,2,79.68603535874276,6.0649999999999995,1.0,1
37.0,6,14.45,2,131.37720820910607,8.605,1.0,1
37.0,7,8.6,1,92.64033948556101,5.16,0.0,0
37.0,8,2.32,2,77.46117285036333,9.59,1.0,1
37.0,9,11.1,2,72.07500000000002,0.5150000000000006,1.0,1
38.0,10,10.38,2,61.485000000000014,1.6899999999999995,1.0,1
38.0,11,9.01,1,41.49357661132625,3.08,1.0,1
38.0,14,13.21,2,106.1173643074421,7.665000000000001,0.0,0
38.0,15,12.81,3,108.31713078785974,4.273333333333333,0.6666666666666666,1
38.0,16,12.09,1,41.49357661132625,3.08,1.0,1
38.0,18,3.9,1,99.65139236357916,8.91,0.0,0
38.0,19,0.0,2,63.78294192702091,12.15,0.5,1
38.0,2,13.38,1,16.787733617138386,4.360000000000001,1.0,1
38.0,3,9.02,1,16.787733617138386,4.360000000000001,1.0,1
38.0,5,10.46,2,77.80497927731828,4.24,1.0,1
38.0,6,13.36,2,120.3048853795201,5.6899999999999995,1.0,1
38.0,7,11.09,2,65.8244223804212,6.605,0.5,1
38.0,8,4.88,2,73.84990610220183,7.030000000000001,1.0,1
38.0,9,11.33,2,71.805,1.2149999999999999,1.0,1
39.0,10,6.55,2,60.71000000000001,5.485,1.0,1
39.0,11,4.51,1,56.99989561393947,6.52,1.0,1
39.0,14,12.58,2,120.21968536818375,5.995,0.0,0
39.0,15,12.81,3,111.88111382259075,4.973333333333334,0.6666666666666666,1
39.0,16,11.03,1,56.99989561393947,6.52,1.0,1
39.0,17,9.55,1,143.2457472318114,1.709999999999999,1.0,1
39.0,18,5.7,1,118.15334146777225,7.11,0.0,0
39.0,19,1.52,2,75.16990340122234,10.595,0.5,1
39.0,2,13.44,1,10.990454949636984,8.43,1.0,1
39.0,3,5.01,1,10.990454949636984,8.43,1.0,1
39.0,5,10.25,2,75.30822616752765,3.12,1.0,1
39.0,6,13.58,2,110.27492951812364,4.785,1.0,1
39.0,7,11.65,2,78.66978196696141,5.53,0.5,1
39.0,8,7.34,2,69.22670335059598,4.575,1.0,1
39.0,9,11.26,3,96.67191574393716,2.6566666666666667,1.0,1
40.0,10,3.56,2,60.63812625758516,8.204999999999998,1.0,1
40.0,11,2.67,1,71.2489270094645,9.12,1.0,1
40.0,14,12.91,2,134.96807979512067,5.090000000000001,0.0,0
40.0,15,11.85,3,115.42058871058079,4.26,0.6666666666666666,1
40.0,16,11.79,1,71.2489270094645,9.12,1.0,1
40.0,17,11.14,1,120.43252094015136,0.5399999999999991,1.0,1
40.0,18,7.53,1,137.50723944578334,4.319999999999999,0.0,0
40.0,19,3.86,2,85.7264255866962,8.485,0.5,1
40.0,2,13.58,1,18.985997471821207,6.28,1.0,1
40.0,3,7.3,1,18.985997471821207,6.28,1.0,1
40.0,5,10.83,2,73.23852419938444,2.5299999999999994,1.0,1
40.0,6,14.12,2,101.75513925839567,4.174999999999999,1.0,1
40.0,7,11.78,2,90.78165420842448,4.525,0.5,1
40.0,8,9.06,2,64.54661505901123,3.414999999999999,1.0,1
40.0,9,11.68,3,91.82474892312086,2.943333333333333,1.0,1
41.0,10,3.5,3,88.14967828213014,8.209999999999999,1.0,1
41.0,11,3.49,1,81.93006102768386,7.93,1.0,1
41.0,14,13.75,1,144.23513302936982,7.77,0.0,0
41.0,15,11.94,2,97.24961114660532,4.595,1.0,1
41.0,16,11.42,1,81.93006102768386,7.93,1.0,1
41.0,17,12.0,2,120.51133031599237,4.655,1.0,1
41.0,19,5.98,2,95.48756651468491,6.484999999999999,0.5,1
41.0,2,12.87,1,32.53494275390695,3.2299999999999986,1.0,1
41.0,3,9.64,1,32.53494275390695,3.2299999999999986,1.0,1
41.0,5,11.12,2,71.90595254937006,1.3049999999999997,1.0,1
41.0,6,13.67,2,96.44955095335561,2.58,1.0,1
41.0,7,11.18,1,46.74000000000001,5.199999999999999,1.0,1
41.0,8,11.06,2,60.64359840398554,1.334999999999999,1.0,1
41.0,9,11.19,3,88.14415772838818,3.0833333333333335,1.0,1
42.0,10,4.82,3,85.28719998883153,7.233333333333333,0.6666666666666666,1
42.0,11,2.59,1,91.30000000000001,9.34,1.0,1
42.0,15,12.33,2,88.2200426335827,4.235,1.0,1
42.0,16,11.93,1,91.30000000000001,9.34,1.0,1
42.0,17,12.46,2,104.77987981731658,4.365000000000001,1.0,1
42.0,19,8.15,1,50.42999999999999,3.6899999999999995,1.0,1
42.0,2,14.03,2,48.345115609519084,7.93,1.0,1
42.0,20,0.0,2,27.87743068111116,13.114999999999998,1.0,1
42.0,21,0.0,1,125.29,10.38,1.0,1
42.0,3,12.2,2,29.247684928408006,7.015,1.0,1
42.0,5,10.38,3,88.7161858166,5.336666666666666,1.0,1
42.0,6,13.39,2,94.67018708476925,1.7000000000000002,1.0,1
42.0,7,11.84,1,50.42999999999999,3.6899999999999995,1.0,1
42.0,8,13.0,2,57.72090835986924,1.505,1.0,1
42.0,9,11.37,3,85.28042477798748,2.866666666666667,0.6666666666666666,1
43.0,1,12.87,1,141.7561229718138,11.239999999999998,1.0,1
43.0,10,7.32,3,83.16667638221968,4.453333333333333,0.6666666666666666,1
43.0,11,4.72,1,97.94999999999999,6.6499999999999995,1.0,1
43.0,15,12.1,2,77.8833790288577,3.0349999999999993,1.0,1
43.0,16,11.37,1,97.94999999999999,6.6499999999999995,1.0,1
43.0,17,12.41,2,90.6459950051734,3.3449999999999998,1.0,1
43.0,19,10.12,1,51.74,1.3200000000000003,1.0,1
43.0,2,13.61,2,64.33881080213584,6.25,0.5,1
43.0,20,1.42,2,40.92744335529164,12.344999999999999,1.0,1
43.0,21,1.63,3,135.2520409906046,10.433333333333334,1.0,1
43.0,3,13.92,2,44.691367446844176,6.405,0.5,1
43.0,5,10.93,3,85.95009043445981,4.6833333333333345,0.6666666666666666,1
43.0,6,14.22,2,95.89459110871806,2.5600000000000005,0.5,1
43.0,7,11.44,1,51.74,1.3200000000000003,1.0,1
43.0,8,12.39,3,87.32630363801889,4.6833333333333345,1.0,1
43.0,9,10.81,3,83.15508703309682,2.1266666666666665,0.6666666666666666,1
44.0,1,12.61,1,125.89067677949788,9.34,1.0,1
44.0,10,9.59,3,81.83696233678401,2.2600000000000002,0.6666666666666666,1
44.0,11,6.12,1,104.03000000000003,6.079999999999999,1.0,1
44.0,15,11.96,3,92.37866900957671,1.3933333333333333,1.0,1
44.0,16,12.2,1,104.03000000000003,6.079999999999999,1.0,1
44.0,17,12.7,3,99.49589568605204,1.8866666666666656,1.0,1
44.0,19,11.51,1,52.09,0.35999999999999943,1.0,1
44.0,2,13.86,2,81.02681673140071,5.52,0.0,0
44.0,20,3.08,2,53.54165604196239,10.91,0.5,1
44.0,21,3.27,3,124.34355892649928,8.733333333333334,1.0,1
44.0,3,14.12,2,59.79516068943839,5.6499999999999995,0.5,1
44.0,5,11.5,3,84.98335972425619,3.8433333333333337,0.6666666666666666,1
44.0,6,14.4,2,100.60471380280026,2.7,0.5,1
44.0,7,11.87,1,52.09,0.35999999999999943,1.0,1
44.0,8,11.9,3,85.54644947761066,3.8433333333333337,1.0,1
44.0,9,10.89,3,81.79418901325931,1.3933333333333333,0.6666666666666666,1
45.0,0,13.87,1,133.98064337806417,0.3999999999999986,1.0,1
45.0,1,11.83,1,109.06695374860347,6.83,1.0,1
45.0,10,11.38,3,86.543781148333,0.5166666666666663,0.6666666666666666,1
45.0,11,7.45,1,107.96000000000004,3.9300000000000006,1.0,1
45.0,15,12.14,3,81.42424699174673,0.7033333333333337,1.0,1
45.0,16,11.38,1,107.96000000000004,3.9300000000000006,1.0,1
45.0,17,11.86,3,84.03394737714892,0.5166666666666663,1.0,1
45.0,19,13.88,1,50.330000000000005,1.7700000000000014,1.0,1
45.0,2,13.47,3,109.71381240425814,3.133333333333333,0.3333333333333333,0
45.0,20,4.83,2,65.13821031580345,8.82,0.5,1
45.0,21,5.0,3,114.10898458286782,6.903333333333333,1.0,1
45.0,3,13.83,2,73.75218660155173,4.68,0.5,1
45.0,5,11.46,3,85.24261425136179,3.443333333333333,0.6666666666666666,1
45.0,6,14.37,2,108.6461243298549,2.429999999999999,0.0,0
45.0,7,12.11,1,50.330000000000005,1.7700000000000014,1.0,1
45.0,8,12.42,3,85.38146863520814,3.443333333333333,0.6666666666666666,1
45.0,9,11.07,3,81.6134815337352,0.7233333333333333,0.6666666666666666,1
46.0,0,14.67,1,114.54980139659783,0.8100000000000005,1.0,1
46.0,1,11.83,1,90.48660066551288,5.0600000000000005,1.0,1
46.0,10,13.62,3,103.51802171638884,1.4199999999999993,0.6666666666666666,1
46.0,11,9.05,1,110.15000000000003,2.1999999999999993,1.0,1
46.0,15,12.86,3,80.74467987446334,1.0199999999999996,0.6666666666666666,1
46.0,16,11.25,1,110.15000000000003,2.1999999999999993,1.0,1
46.0,17,13.02,3,80.77913720655685,1.0199999999999996,1.0,1
46.0,19,15.18,1,47.31999999999999,3.01,1.0,1
46.0,2,13.86,3,114.80703685954283,3.053333333333334,0.3333333333333333,0
46.0,20,6.21,2,76.78032098072157,8.0,0.5,1
46.0,21,6.77,3,104.3888668885043,5.206666666666668,1.0,1
46.0,3,14.56,2,87.81533361029375,4.525000000000001,0.5,1
46.0,5,11.22,3,86.53406897319765,3.063333333333334,0.6666666666666666,1
46.0,6,14.3,2,119.26804839839735,2.25,0.0,0
46.0,7,12.17,1,47.31999999999999,3.01,1.0,1
46.0,8,12.88,3,86.53796329240059,3.063333333333334,0.6666666666666666,1
46.0,9,10.72,3,94.1858123818157,2.4466666666666654,0.3333333333333333,0
47.0,0,14.33,1,96.42631228041445,1.42,1.0,1
47.0,1,12.48,1,69.27394892742872,3.7300000000000004,1.0,1
47.0,10,15.14,2,94.05435638133234,4.540000000000001,1.0,1
47.0,11,11.11,1,110.15,0.009999999999999787,1.0,1
47.0,15,8.36,3,82.38304148178288,4.636666666666668,0.6666666666666666,1
47.0,16,11.1,1,110.15,0.009999999999999787,1.0,1
47.0,17,12.84,3,82.39224243939383,2.8700000000000006,0.6666666666666666,1
47.0,19,15.45,1,43.33,3.9899999999999984,1.0,1
47.0,2,12.91,3,119.9806483915839,2.64,0.3333333333333333,0
47.0,20,7.96,2,87.31805381224031,5.7250000000000005,0.5,1
47.0,21,8.75,3,95.2113163091429,3.35,1.0,1
47.0,3,14.46,2,100.58976263492835,4.025,0.5,1
47.0,4,13.89,1,147.91461861492934,0.5800000000000001,1.0,1
47.0,5,11.34,3,89.17028209454816,1.9000000000000004,0.6666666666666666,1
47.0,6,13.31,3,136.9790240607566,1.126666666666667,0.3333333333333333,0
47.0,7,11.46,1,43.33,3.9899999999999984,1.0,1
47.0,8,12.48,3,89.19720242789866,1.9000000000000004,0.6666666666666666,1
47.0,9,11.01,2,80.35815781774872,2.24,0.0,0
48.0,0,14.02,1,79.06949158809613,1.2300000000000004,1.0,1
48.0,1,12.63,2,93.15901889315636,2.0100000000000007,1.0,1
48.0,10,14.87,2,104.62349317025587,6.72,0.5,1
48.0,11,13.38,1,108.85,1.3000000000000007,1.0,1
48.0,14,12.77,1,37.71947640145612,12.77,1.0,1
48.0,15,3.86,3,85.48590855542999,8.823333333333332,0.6666666666666666,1
48.0,16,12.08,1,108.85,1.3000000000000007,1.0,1
48.0,17,12.44,3,85.48898487710433,4.236666666666666,0.3333333333333333,0
48.0,19,16.08,1,39.41999999999999,3.9099999999999984,1.0,1
48.0,2,12.79,2,106.36097436487196,2.1499999999999995,0.5,1
48.0,20,9.72,2,96.9862285708239,3.6099999999999985,0.5,1
48.0,21,10.74,3,86.97051903364321,1.256666666666667,1.0,1
48.0,22,8.3,1,146.98483765341234,3.950000000000001,1.0,1
48.0,23,4.35,1,146.98483765341234,3.950000000000001,1.0,1
48.0,24,0.0,1,37.71947640145612,12.77,1.0,1
48.0,3,13.87,1,60.31999999999999,4.149999999999999,1.0,1
48.0,4,14.12,1,119.40288773727377,0.28000000000000114,1.0,1
48.0,5,10.5,3,86.94549356179432,1.4166666666666672,1.0,1
48.0,6,14.4,2,125.62545106631867,1.1500000000000004,0.5,1
48.0,7,12.17,1,39.41999999999999,3.9099999999999984,1.0,1
48.0,8,12.38,3,92.76600479845452,1.846666666666667,0.6666666666666666,1
48.0,9,10.74,2,95.36810765276735,4.29,0.0,0
49.0,0,10.14,1,63.07227124497738,3.2699999999999996,1.0,1
49.0,1,12.53,3,93.47138580706574,0.9366666666666662,1.0,1
49.0,10,14.64,2,114.34292814263029,7.175000000000001,0.5,1
49.0,11,13.81,1,106.09,2.76,1.0,1
49.0,14,12.92,1,50.65384980433375,11.17,1.0,1
49.0,15,2.9,3,89.32641074211847,9.743333333333332,0.6666666666666666,1
49.0,16,11.05,1,106.09,2.76,1.0,1
49.0,17,12.03,3,89.33723977691199,4.17,0.3333333333333333,0
49.0,19,15.11,1,35.42,3.99,1.0,1
49.0,2,13.41,1,63.07227124497738,3.2699999999999996,1.0,1
49.0,20,11.14,1,63.210000000000036,2.889999999999999,1.0,1
49.0,21,12.48,3,79.56482731807601,0.9033333333333337,1.0,1
49.0,22,9.99,1,130.3992699366067,3.3900000000000006,1.0,1
49.0,23,6.6,1,130.3992699366067,3.3900000000000006,1.0,1
49.0,24,1.75,1,50.65384980433375,11.17,1.0,1
49.0,3,14.03,1,63.210000000000036,2.889999999999999,1.0,1
49.0,4,13.72,1,91.81578077868745,0.16000000000000014,1.0,1
49.0,5,10.29,3,79.49785422842375,2.0500000000000007,1.0,1
49.0,6,13.88,2,119.23807005638122,1.0150000000000006,0.5,1
49.0,7,11.12,1,35.42,3.99,1.0,1
49.0,8,12.01,4,108.41161802894322,1.1450000000000005,0.75,1
49.0,9,11.26,2,111.50743522652681,4.5649999999999995,0.0,0
50.0,0,6.71,1,48.96865630176102,6.069999999999999,1.0,1
50.0,1,12.82,3,72.53450879165254,1.2800000000000005,1.0,1
50.0,10,14.16,2,121.21500000000003,6.42,0.5,1
50.0,11,13.58,1,99.4,6.69,1.0,1
50.0,14,13.23,1,64.45653807023773,9.26,1.0,1
50.0,15,3.21,3,94.56832362984368,9.456666666666665,0.6666666666666666,1
50.0,16,6.89,1,99.4,6.69,1.0,1
50.0,17,12.27,3,94.57160043299434,3.883333333333333,0.3333333333333333,0
50.0,19,15.79,1,31.169999999999987,4.25,1.0,1
50.0,2,12.78,1,48.96865630176102,6.069999999999999,1.0,1
50.0,20,12.85,1,65.36000000000001,2.1500000000000004,1.0,1
50.0,21,12.76,3,75.6752143152171,1.2400000000000002,1.0,1
50.0,22,12.26,1,109.40680783205404,3.5299999999999994,1.0,1
50.0,23,8.73,1,109.40680783205404,3.5299999999999994,1.0,1
50.0,24,3.97,1,64.45653807023773,9.26,1.0,1
50.0,25,0.0,1,64.67144346618528,11.57,1.0,1
50.0,3,15.0,1,65.36000000000001,2.1500000000000004,1.0,1
50.0,4,14.07,1,63.42078208284723,0.28999999999999915,1.0,1
50.0,5,10.52,3,72.19478469016146,1.786666666666667,1.0,1
50.0,6,14.36,1,63.42078208284723,0.28999999999999915,1.0,1
50.0,7,11.54,1,31.169999999999987,4.25,1.0,1
50.0,8,11.34,3,87.81117645294063,1.2400000000000002,1.0,1
50.0,9,11.57,3,108.46707188489977,6.876666666666666,0.3333333333333333,0
51.0,0,8.9,1,33.819557950984525,4.959999999999999,1.0,1
51.0,1,12.02,3,65.05135546063461,0.8866666666666667,0.6666666666666666,1
51.0,10,13.94,2,127.41499999999996,6.194999999999999,0.5,1
51.0,11,14.16,1,89.47,9.92,1.0,1
51.0,14,12.62,1,78.13185905890123,6.969999999999999,0.0,0
51.0,15,5.02,2,70.37499999999997,7.1850000000000005,1.0,1
51.0,16,4.24,1,89.47,9.92,1.0,1
51.0,17,10.47,3,101.11922318004137,3.2066666666666666,0.3333333333333333,0
51.0,19,14.65,1,27.75999999999999,3.41,1.0,1
51.0,2,13.86,1,33.819557950984525,4.959999999999999,1.0,1
51.0,20,13.66,1,66.71000000000004,1.3499999999999996,1.0,1
51.0,21,13.78,3,85.3823608389646,1.9666666666666661,0.0,0
51.0,22,12.43,1,85.7597224808943,1.1899999999999995,1.0,1
51.0,23,11.24,1,85.7597224808943,1.1899999999999995,1.0,1
51.0,24,5.65,1,78.13185905890123,6.969999999999999,0.0,0
51.0,25,2.21,1,54.42878098947283,8.96,1.0,1
51.0,3,15.01,1,66.71000000000004,1.3499999999999996,1.0,1
51.0,4,14.07,1,36.05229673682383,0.7200000000000006,1.0,1
51.0,5,11.26,3,64.97739593952804,1.3933333333333333,0.6666666666666666,1
51.0,6,13.35,1,36.05229673682383,0.7200000000000006,1.0,1
51.0,7,11.24,1,27.75999999999999,3.41,1.0,1
51.0,8,12.16,3,79.98493201547534,0.8866666666666667,0.6666666666666666,1
51.0,9,11.17,2,95.18322526479852,4.83,0.5,1
52.0,0,11.14,1,22.134075539764456,2.09,1.0,1
52.0,1,12.56,4,80.17590581556291,4.98,0.5,1
52.0,10,14.42,2,135.38500000000005,7.98,0.5,1
52.0,11,14.09,1,76.99586092771484,12.14,1.0,1
52.0,14,13.41,1,93.23395786943728,5.7,0.0,0
52.0,15,6.43,2,74.35500000000002,4.005000000000001,1.0,1
52.0,16,1.95,1,76.99586092771484,12.14,1.0,1
52.0,17,6.45,2,87.68,3.995,0.5,1
52.0,19,12.84,1,26.27000000000001,1.4900000000000002,1.0,1
52.0,2,13.23,1,22.134075539764456,2.09,1.0,1
52.0,20,13.77,1,67.5,0.7900000000000009,1.0,1
52.0,21,13.86,4,94.38726737115621,5.954999999999999,0.25,0
52.0,22,13.16,1,60.66445746893314,1.1999999999999993,1.0,1
52.0,23,11.96,1,60.66445746893314,1.1999999999999993,1.0,1
52.0,24,7.71,1,93.23395786943728,5.7,0.0,0
52.0,25,3.54,1,44.772484853981446,8.21,1.0,1
52.0,26,0.0,2,114.88962632878724,13.21,0.5,1
52.0,3,14.56,1,67.5,0.7900000000000009,1.0,1
52.0,4,13.93,1,9.222933372848336,0.5899999999999999,1.0,1
52.0,5,6.76,3,59.06638931665278,6.146666666666667,0.6666666666666666,1
52.0,6,13.34,1,9.222933372848336,0.5899999999999999,1.0,1
52.0,7,11.35,1,26.27000000000001,1.4900000000000002,1.0,1
52.0,8,12.3,3,70.37821282841433,2.453333333333333,0.6666666666666666,1
52.0,9,11.75,1,44.772484853981446,8.21,1.0,1
53.0,0,13.68,1,24.88540937979524,4.640000000000001,1.0,1
53.0,1,12.1,3,55.44507233080558,4.233333333333333,0.6666666666666666,1
53.0,10,14.9,1,128.76000000000005,6.700000000000001,1.0,1
53.0,11,13.84,1,62.3584036036844,11.29,1.0,1
53.0,14,13.18,1,108.86348928819068,3.6799999999999997,0.0,0
53.0,15,8.2,2,79.44856496153498,4.645,1.0,1
53.0,16,2.55,1,62.3584036036844,11.29,1.0,1
53.0,17,5.61,1,30.13712992306993,2.589999999999999,1.0,1
53.0,19,13.53,1,24.980000000000018,1.2899999999999991,1.0,1
53.0,2,9.04,1,24.88540937979524,4.640000000000001,1.0,1
53.0,20,13.22,1,67.58999999999997,0.08999999999999986,1.0,1
53.0,21,12.78,4,100.35283598626556,6.232499999999999,0.25,0
53.0,22,12.43,1,36.908981291821085,1.049999999999999,1.0,1
53.0,23,11.38,1,36.908981291821085,1.049999999999999,1.0,1
53.0,24,9.5,1,108.86348928819068,3.6799999999999997,0.0,0
53.0,25,5.35,1,38.10791256419065,6.110000000000001,1.0,1
53.0,26,1.91,1,71.76138306916889,10.87,1.0,1
53.0,3,13.31,1,67.58999999999997,0.08999999999999986,1.0,1
53.0,4,13.95,1,18.991534956395732,0.5199999999999996,0.0,0
53.0,5,4.38,3,55.413493680625955,6.513333333333333,0.6666666666666666,1
53.0,6,13.43,1,18.991534956395732,0.5199999999999996,0.0,0
53.0,7,12.24,1,24.980000000000018,1.2899999999999991,1.0,1
53.0,8,7.8,3,64.19687272587853,4.233333333333333,0.6666666666666666,1
53.0,9,11.46,1,38.10791256419065,6.110000000000001,1.0,1
54.0,0,14.08,1,36.756781687193396,9.08,1.0,1
54.0,1,11.84,3,54.45316083733807,5.3999999999999995,0.6666666666666666,1
54.0,10,14.84,1,133.84000000000003,5.07,1.0,1
54.0,11,14.18,1,45.791946890255694,11.66,1.0,1
54.0,14,12.68,2,124.7447662301621,7.515,0.0,0
54.0,15,9.77,2,86.7154742302376,4.96,1.0,1
54.0,16,2.52,1,45.791946890255694,11.66,1.0,1
54.0,17,4.92,1,39.59094846047518,4.85,1.0,1
54.0,19,13.56,1,23.680000000000007,1.3000000000000007,1.0,1
54.0,2,5.0,1,36.756781687193396,9.08,1.0,1
54.0,20,13.24,1,63.150000000000034,4.43,1.0,1
54.0,21,13.44,4,107.6947789379094,7.3374999999999995,0.25,0
54.0,22,13.14,1,12.120070131810238,1.200000000000001,1.0,1
54.0,23,11.94,1,12.120070131810238,1.200000000000001,1.0,1
54.0,24,10.33,2,89.2058154996988,6.34,0.5,1
54.0,25,6.79,1,36.56302503896522,3.9099999999999993,1.0,1
54.0,26,3.49,1,54.84343625266382,9.95,1.0,1
54.0,27,0.0,2,89.42202877914198,11.504999999999999,0.5,1
54.0,3,8.81,1,63.150000000000034,4.43,1.0,1
54.0,4,13.91,1,47.1387409674887,0.4800000000000004,0.0,0
54.0,5,4.59,3,54.88544920376169,5.400000000000001,0.6666666666666666,1
54.0,6,14.39,1,47.1387409674887,0.4800000000000004,0.0,0
54.0,7,12.26,1,23.680000000000007,1.3000000000000007,1.0,1
54.0,8,4.49,3,61.21756729525555,5.466666666666666,0.6666666666666666,1
54.0,9,10.7,1,36.56302503896522,3.9099999999999993,1.0,1
55.0,0,13.96,2,100.47786927932994,7.165000000000001,1.0,1
55.0,1,12.55,3,54.8108978526827,5.460000000000001,0.6666666666666666,1
55.0,10,12.79,1,134.31,0.46999999999999886,1.0,1
55.0,11,13.61,1,28.00343550352352,9.37,1.0,1
55.0,14,13.06,2,140.14452844926575,6.955,0.0,0
55.0,15,12.32,2,93.72417057418241,2.9499999999999997,1.0,1
55.0,16,4.24,1,28.00343550352352,9.37,1.0,1
55.0,17,6.89,1,53.138341148364816,5.430000000000001,1.0,1
55.0,19,12.7,1,22.19999999999999,1.4899999999999984,1.0,1
55.0,2,2.77,2,97.6515565611524,9.620000000000001,1.0,1
55.0,20,13.14,1,54.879999999999995,8.280000000000001,1.0,1
55.0,21,13.57,4,115.13269177342002,6.76,0.25,0
55.0,22,13.45,1,13.358925855022951,2.2399999999999984,1.0,1
55.0,23,11.21,1,13.358925855022951,2.2399999999999984,1.0,1
55.0,24,10.82,4,124.70747298016144,5.715,0.75,1
55.0,25,8.95,1,42.06137420484501,1.3299999999999992,1.0,1
55.0,26,4.95,1,36.37104480214998,8.620000000000001,1.0,1
55.0,27,1.39,2,102.08747693593189,10.55,0.5,1
55.0,3,4.86,1,54.879999999999995,8.280000000000001,1.0,1
55.0,4,13.94,1,74.79848193646713,0.17999999999999972,0.0,0
55.0,5,4.5,3,56.85234803327702,5.953333333333333,0.6666666666666666,1
55.0,6,13.76,1,74.79848193646713,0.17999999999999972,0.0,0
55.0,7,11.21,1,22.19999999999999,1.4899999999999984,1.0,1
55.0,8,5.24,3,57.965954597299735,5.460000000000001,0.6666666666666666,1
55.0,9,7.62,1,42.06137420484501,1.3299999999999992,1.0,1
56.0,0,14.67,2,107.00244674814275,7.56,0.5,1
56.0,1,12.86,2,13.161888936779548,6.06,1.0,1
56.0,10,8.66,1,130.78999999999996,3.5199999999999996,1.0,1
56.0,11,13.31,1,9.232312819656851,7.45,1.0,1
56.0,15,12.18,2,99.06368723309538,3.5599999999999996,1.0,1
56.0,16,5.86,1,9.232312819656851,7.45,1.0,1
56.0,17,8.58,1,67.3373744661908,3.5999999999999996,1.0,1
56.0,19,11.42,1,21.879999999999995,0.33000000000000007,1.0,1
56.0,2,3.51,2,101.76383214223551,9.18,1.0,1
56.0,20,13.92,1,47.900000000000034,6.9799999999999995,1.0,1
56.0,21,13.23,1,16.591515904220415,6.510000000000001,1.0,1
56.0,22,12.74,1,37.516721605172215,1.0700000000000003,0.0,0
56.0,23,11.67,1,37.516721605172215,1.0700000000000003,0.0,0
56.0,24,10.71,3,118.91911705967198,6.333333333333333,0.6666666666666666,1
56.0,25,11.42,1,52.03424353250455,6.63,1.0,1
56.0,26,6.72,1,16.591515904220415,6.510000000000001,1.0,1
56.0,27,2.87,1,75.84012196720148,7.840000000000001,1.0,1
56.0,28,0.0,2,98.0671470121917,13.21,1.0,1
56.0,3,6.94,1,47.900000000000034,6.9799999999999995,1.0,1
56.0,4,13.21,2,74.66497927031091,13.21,1.0,1
56.0,5,6.58,2,18.401969562959046,3.3599999999999994,1.0,1
56.0,7,11.09,1,21.879999999999995,0.33000000000000007,1.0,1
56.0,8,7.02,2,11.474060093582311,3.1399999999999997,1.0,1
56.0,9,4.79,1,52.03424353250455,6.63,1.0,1
57.0,0,13.76,2,112.87261140693647,5.45,0.0,0
57.0,1,12.1,2,29.730090623016945,3.0349999999999993,1.0,1
57.0,10,6.36,1,123.54287757697729,6.14,1.0,1
57.0,11,10.31,2,74.36739900960158,1.2999999999999998,1.0,1
57.0,15,12.5,2,103.06800795591465,4.365,0.5,1
57.0,16,8.43,2,76.81345522979731,2.24,1.0,1
57.0,17,9.91,1,82.59313833485201,2.59,0.0,0
57.0,19,11.73,1,21.159999999999997,0.7100000000000009,1.0,1
57.0,2,5.26,2,105.86145808056665,7.3,0.5,1
57.0,20,13.01,1,43.69,4.209999999999999,1.0,1
57.0,21,12.89,1,5.636452785218714,4.860000000000001,1.0,1
57.0,22,12.51,1,62.17240625872545,0.3100000000000005,0.0,0
57.0,23,12.2,1,62.17240625872545,0.3100000000000005,0.0,0
57.0,24,11.36,3,120.10567114833474,4.8933333333333335,0.3333333333333333,0
57.0,25,11.03,3,113.58835655751598,2.896666666666666,1.0,1
57.0,26,8.03,1,5.636452785218714,4.860000000000001,1.0,1
57.0,27,5.18,1,88.03470679226459,6.18,0.0,0
57.0,28,1.97,1,35.99000000000001,10.83,1.0,1
57.0,3,8.8,1,43.69,4.209999999999999,1.0,1
57.0,4,12.8,2,82.7047836497697,10.83,1.0,1
57.0,5,9.16,2,30.413043179457034,1.5649999999999995,1.0,1
57.0,7,11.02,1,21.159999999999997,0.7100000000000009,1.0,1
57.0,8,8.97,2,27.29603956264813,1.6599999999999993,1.0,1
57.0,9,5.66,1,59.554852866915965,5.369999999999999,1.0,1
58.0,0,14.4,2,120.80967841544867,5.41,0.0,0
58.0,1,12.42,2,48.799576497539036,2.0249999999999995,0.5,1
58.0,10,6.02,1,112.5146608224901,5.85,1.0,1
58.0,11,6.79,2,76.6729198425578,4.404999999999999,1.0,1
58.0,15,11.87,2,105.56663835609459,3.2,0.5,1
58.0,16,10.62,2,81.0033980362673,2.4899999999999998,1.0,1
58.0,17,12.42,1,98.61861588969909,0.5500000000000007,0.0,0
58.0,19,10.66,1,21.849999999999994,0.6899999999999995,1.0,1
58.0,2,7.17,2,111.7351755278007,5.4350000000000005,0.5,1
58.0,20,12.94,1,41.52000000000004,2.1799999999999997,1.0,1
58.0,21,13.99,1,28.5200911639497,4.27,1.0,1
58.0,22,12.4,1,85.83966682134783,1.1300000000000008,0.0,0
58.0,23,11.27,1,85.83966682134783,1.1300000000000008,0.0,0
58.0,24,10.81,3,123.08730179461482,3.816666666666667,0.3333333333333333,0
58.0,25,11.77,3,108.25046335418136,3.6966666666666668,1.0,1
58.0,26,9.72,2,80.81927935160293,2.5149999999999997,1.0,1
58.0,27,6.59,1,100.15289960854852,4.220000000000001,0.0,0
58.0,28,3.7,1,27.069999999999993,8.919999999999998,1.0,1
58.0,3,10.76,1,41.52000000000004,2.1799999999999997,1.0,1
58.0,4,12.62,1,27.069999999999993,8.919999999999998,1.0,1
58.0,5,10.31,2,45.05367128830129,1.1399999999999997,1.0,1
58.0,7,11.35,1,21.849999999999994,0.6899999999999995,1.0,1
58.0,8,10.48,3,74.82468758396153,0.9566666666666664,0.6666666666666666,1
58.0,9,6.81,1,64.75,4.96,1.0,1
59.0,0,14.01,2,129.66273534704717,3.6550000000000002,0.0,0
59.0,1,12.51,2,69.37567872065227,0.8199999999999994,0.5,1
59.0,10,8.42,1,101.32398975563484,3.9000000000000004,1.0,1
59.0,11,8.18,2,80.51934115161558,3.67,0.5,1
59.0,15,12.32,2,108.37850573043221,2.0650000000000004,0.5,1
59.0,16,11.92,2,87.59523401140254,1.9400000000000004,0.5,1
59.0,17,12.55,1,115.43302170522958,0.23000000000000043,0.0,0
59.0,19,11.47,1,21.430000000000035,0.4300000000000015,1.0,1
59.0,2,9.26,2,118.48724025843296,3.4699999999999998,0.5,1
59.0,20,8.89,1,44.75,3.2299999999999986,1.0,1
59.0,21,9.9,1,49.613305674990045,1.3599999999999994,1.0,1
59.0,22,13.46,1,110.59630418779831,2.1400000000000006,0.0,0
59.0,23,11.32,1,110.59630418779831,2.1400000000000006,0.0,0
59.0,24,11.45,3,127.50686660199726,2.526666666666667,0.3333333333333333,0
59.0,25,11.78,3,102.88807391321971,2.2699999999999996,1.0,1
59.0,26,11.26,2,79.62000978632639,1.17,1.0,1
59.0,27,8.62,1,113.60960962876337,2.83,0.0,0
59.0,28,5.59,1,22.830000000000013,4.24,1.0,1
59.0,3,12.12,1,44.75,3.2299999999999986,1.0,1
59.0,4,9.83,1,22.830000000000013,4.24,1.0,1
59.0,5,11.14,2,61.28668503133051,1.2349999999999994,1.0,1
59.0,7,11.04,1,21.430000000000035,0.4300000000000015,1.0,1
59.0,8,12.24,3,80.57563655828996,0.7833333333333332,0.6666666666666666,1
59.0,9,8.71,1,67.83000000000004,3.0699999999999985,1.0,1
60.0,0,13.75,2,139.78563363674886,2.67,0.0,0
60.0,1,12.62,4,117.73071935983936,2.562499999999999,0.5,1
60.0,10,10.13,1,91.35690723749352,2.549999999999999,1.0,1
60.0,11,10.76,2,85.89929696078767,0.4500000000000002,0.5,1
60.0,15,12.68,2,111.90832037083982,1.6199999999999992,0.5,1
60.0,16,11.16,2,96.11714239321576,0.25,0.5,1
60.0,17,11.99,1,132.45973350418612,0.6899999999999995,0.0,0
60.0,18,9.2,1,21.280000000000086,9.2,1.0,1
60.0,19,11.02,1,22.660000000000025,1.2400000000000002,1.0,1
60.0,2,10.84,2,126.34912566771011,1.6950000000000003,0.5,1
60.0,20,5.71,1,52.77999999999997,8.030000000000001,1.0,1
60.0,21,5.4,1,66.73230102431651,6.48,1.0,1
60.0,22,11.69,1,134.09818641577522,0.13000000000000078,0.0,0
60.0,23,11.82,1,134.09818641577522,0.13000000000000078,0.0,0
60.0,24,11.32,3,133.38314005980837,1.3533333333333335,0.3333333333333333,0
60.0,25,11.26,3,97.76187991570258,0.39999999999999974,1.0,1
60.0,26,11.88,3,99.15321353199143,2.453333333333333,1.0,1
60.0,27,10.17,1,127.67640424134757,1.1500000000000004,0.0,0
60.0,28,7.77,2,84.11607516754559,3.12,1.0,1
60.0,3,13.74,1,52.77999999999997,8.030000000000001,1.0,1
60.0,30,0.0,1,21.280000000000086,9.2,1.0,1
60.0,4,9.16,2,82.7144209644053,2.425,1.0,1
60.0,5,11.21,3,100.1891443883655,0.9866666666666658,0.3333333333333333,0
60.0,7,12.26,1,22.660000000000025,1.2400000000000002,1.0,1
60.0,8,12.09,3,86.22714344896981,0.5399999999999991,0.3333333333333333,0
60.0,9,10.66,1,68.41999999999996,0.5999999999999996,1.0,1
61.0,0,14.72,1,147.84304143245976,2.290000000000001,0.0,0
61.0,1,13.02,4,122.68966091268763,2.397499999999999,0.5,1
61.0,10,11.96,1,85.01423704298001,0.16000000000000014,1.0,1
61.0,11,12.34,2,92.90611314315206,0.6899999999999995,0.5,1
61.0,12,13.74,1,146.2461390943364,6.53,1.0,1
61.0,15,11.8,2,117.01937053416239,0.34999999999999964,0.5,1
61.0,16,11.63,2,106.6116347622312,0.3749999999999991,0.5,1
61.0,17,12.34,1,149.02450402534478,0.5399999999999991,0.0,0
61.0,18,11.28,1,30.129999999999995,8.85,1.0,1
61.0,19,12.44,1,22.230000000000018,0.4399999999999995,1.0,1
61.0,2,12.43,2,135.80152071622987,1.63,0.5,1
61.0,20,7.21,2,103.1205527749325,6.745,1.0,1
61.0,21,5.75,3,119.42042844829963,7.3566666666666665,0.6666666666666666,1
61.0,24,11.46,2,133.2618387266677,0.6499999999999986,0.5,1
61.0,25,11.67,3,93.49532857832203,0.26666666666666633,1.0,1
61.0,26,12.69,3,93.76988552723942,3.0899999999999994,0.6666666666666666,1
61.0,27,11.79,1,142.76367745333542,0.3299999999999983,0.0,0
61.0,28,10.22,2,79.55774284808884,1.8999999999999995,1.0,1
61.0,3,14.17,2,97.2215267315584,7.6899999999999995,1.0,1
61.0,30,2.43,1,30.129999999999995,8.85,1.0,1
61.0,4,9.22,2,77.15876107714814,2.3999999999999995,1.0,1
61.0,5,10.59,3,109.00880881215461,2.1333333333333333,0.3333333333333333,0
61.0,7,12.0,1,22.230000000000018,0.4399999999999995,1.0,1
61.0,8,12.46,4,104.26399242225858,2.3425,0.5,1
61.0,9,11.58,1,68.51999999999998,0.08999999999999986,1.0,1
62.0,1,12.92,5,126.55127011142557,3.4480000000000004,0.6,1
62.0,10,14.06,1,82.63715629182798,1.790000000000001,1.0,1
62.0,11,14.03,2,102.55222541137101,2.4449999999999994,0.5,1
62.0,12,14.18,1,135.67118485514897,7.02,1.0,1
62.0,15,12.27,1,82.63715629182798,1.790000000000001,1.0,1
62.0,16,11.91,3,118.78635800572461,4.8933333333333335,0.6666666666666666,1
62.0,17,12.22,1,92.20554484411454,12.22,1.0,1
62.0,18,12.55,1,37.98000000000002,7.86,1.0,1
62.0,19,12.64,1,21.470000000000027,0.7599999999999998,1.0,1
62.0,2,13.52,1,127.1,3.34,1.0,1
62.0,20,7.16,2,103.38832649965396,7.015,0.5,1
62.0,21,7.3,3,112.84996131160865,5.63,0.6666666666666666,1
62.0,24,10.18,1,127.1,3.34,1.0,1
62.0,25,11.26,3,91.16411558371333,1.17,1.0,1
62.0,26,12.44,3,88.7123222036955,2.286666666666666,0.6666666666666666,1
62.0,28,12.8,3,64.98240708178834,4.773333333333333,1.0,1
62.0,29,0.0,3,59.50831751701082,12.373333333333333,1.0,1
62.0,3,14.17,2,92.0453964274686,6.9399999999999995,0.5,1
62.0,30,4.69,1,37.98000000000002,7.86,1.0,1
62.0,31,0.0,2,104.82549885739915,12.065000000000001,1.0,1
62.0,4,11.4,3,54.444413237563225,4.773333333333333,1.0,1
62.0,5,10.98,3,118.7153146272076,1.5333333333333325,0.3333333333333333,0
62.0,7,11.88,1,21.470000000000027,0.7599999999999998,1.0,1
62.0,8,12.18,4,105.55905466569027,1.7699999999999998,0.5,1
62.0,9,11.35,1,68.42000000000007,0.08999999999999986,1.0,1
63.0,0,14.12,1,142.98581223324226,3.67,1.0,1
63.0,1,11.77,4,119.16040251105797,3.6350000000000002,0.75,1
63.0,10,13.87,1,84.15614831965638,1.3899999999999988,1.0,1
63.0,11,13.9,4,128.31952016088167,4.1025,0.75,1
63.0,12,14.13,2,134.62923144936974,3.660000000000001,0.5,1
63.0,15,12.48,1,84.15614831965638,1.3899999999999988,1.0,1
63.0,16,10.9,4,127.57335068252658,3.5599999999999996,0.5,1
63.0,17,12.53,2,108.16999697660393,6.014999999999999,1.0,1
63.0,18,12.01,1,43.789999999999964,5.819999999999999,1.0,1
63.0,19,11.45,1,21.730000000000018,0.25,1.0,1
63.0,2,13.18,2,138.05194928255298,1.5900000000000007,0.5,1
63.0,20,7.76,2,104.50211341937714,6.660000000000001,0.5,1
63.0,21,8.7,3,105.90144063998498,4.636666666666668,0.6666666666666666,1
63.0,22,5.07,1,143.2057572166706,8.83,1.0,1
63.0,24,10.95,1,129.33,2.2300000000000004,1.0,1
63.0,25,11.74,3,90.32754168971469,1.0866666666666667,0.6666666666666666,1
63.0,26,12.48,3,84.24480410269032,2.0500000000000007,0.3333333333333333,0
63.0,28,14.15,3,68.05533206238799,5.1000000000000005,1.0,1
63.0,29,2.27,3,63.26010828168021,10.74,1.0,1
63.0,3,14.71,2,88.05841270331615,6.480000000000001,0.5,1
63.0,30,6.19,1,43.789999999999964,5.819999999999999,1.0,1
63.0,31,2.13,2,92.24721017961294,9.584999999999999,1.0,1
63.0,4,13.11,3,55.98970553736611,4.406666666666667,1.0,1
63.0,5,10.45,4,132.1858335475535,2.3475000000000006,0.25,0
63.0,7,11.7,1,21.730000000000018,0.25,1.0,1
63.0,8,12.82,3,84.25778643121602,2.2766666666666673,0.6666666666666666,1
63.0,9,11.48,2,106.25488528114326,1.3399999999999999,1.0,1
64.0,0,13.08,1,119.41288414572358,2.58,1.0,1
64.0,1,12.9,4,118.68386227854211,3.6225,0.5,1
64.0,10,14.19,1,90.11504202961898,2.1799999999999997,1.0,1
64.0,11,13.8,3,114.37314651095505,3.773333333333334,1.0,1
64.0,12,13.46,2,127.59221464983571,1.7749999999999995,0.5,1
64.0,15,12.01,1,90.11504202961898,2.1799999999999997,1.0,1
64.0,16,12.12,3,113.878037467228,3.0033333333333325,0.6666666666666666,1
64.0,17,12.36,2,91.40991725597621,4.3549999999999995,1.0,1
64.0,18,11.83,1,48.02999999999997,4.24,1.0,1
64.0,19,12.31,1,21.480000000000018,0.25,1.0,1
64.0,2,13.52,2,138.24087024572015,1.4849999999999994,0.5,1
64.0,20,9.97,2,106.8634315868716,4.005,0.5,1
64.0,21,10.1,3,99.38958970528292,2.596666666666667,0.6666666666666666,1
64.0,22,7.48,1,121.92200129591049,6.32,1.0,1
64.0,24,10.61,1,132.23999999999998,2.91,1.0,1
64.0,25,11.58,3,92.00155961448684,1.1066666666666667,0.6666666666666666,1
64.0,26,11.84,3,89.73104252708187,1.0533333333333335,0.3333333333333333,0
64.0,27,12.3,1,94.96393052101422,12.3,1.0,1
64.0,28,15.61,3,72.00547512085673,5.176666666666666,0.6666666666666666,1
64.0,29,4.51,3,66.06269909311182,9.623333333333335,1.0,1
64.0,3,14.49,3,104.40510901863676,3.8800000000000003,0.6666666666666666,1
64.0,30,7.59,1,48.02999999999997,4.24,1.0,1
64.0,31,3.89,2,78.50998665294878,8.349999999999998,1.0,1
64.0,32,0.0,1,94.96393052101422,12.3,1.0,1
64.0,4,13.89,3,57.877925774461154,4.03,1.0,1
64.0,5,10.5,4,134.34713414611213,1.895,0.25,0
64.0,7,12.06,1,21.480000000000018,0.25,1.0,1
64.0,8,11.76,4,101.82023249355592,1.4325,0.75,1
64.0,9,11.02,2,104.05706686152135,1.6700000000000008,1.0,1
65.0,0,8.63,1,99.59142332550526,2.5699999999999985,1.0,1
65.0,1,12.82,3,105.41186461695774,3.3366666666666664,0.6666666666666666,1
65.0,10,14.81,1,99.91100940336858,3.0600000000000005,0.0,0
65.0,11,13.21,3,107.2119255593531,2.806666666666668,0.6666666666666666,1
65.0,12,14.22,2,122.87675545947502,1.2300000000000004,0.5,1
65.0,15,11.75,1,99.91100940336858,3.0600000000000005,0.0,0
65.0,16,12.2,3,106.84542449656753,2.413333333333333,0.6666666666666666,1
65.0,17,12.34,2,73.48953785444633,3.1300000000000003,1.0,1
65.0,18,12.18,1,50.39999999999998,2.369999999999999,1.0,1
65.0,19,12.28,1,21.22999999999996,0.25,1.0,1
65.0,2,13.6,2,140.19433397510306,2.0100000000000007,0.5,1
65.0,20,12.38,2,110.70278052474983,2.1099999999999994,0.5,1
65.0,21,12.22,3,93.20685841162786,1.1066666666666656,0.6666666666666666,1
65.0,22,8.94,1,99.77133055141643,4.270000000000001,1.0,1
65.0,24,10.2,1,135.65,3.4000000000000004,1.0,1
65.0,25,11.08,3,95.4159818513685,1.1199999999999999,0.6666666666666666,1
65.0,26,12.54,3,104.00529173047126,0.5999999999999996,0.0,0
65.0,27,12.7,1,80.48364057372153,10.91,1.0,1
65.0,28,15.09,3,76.23544305525883,4.33,0.6666666666666666,1
65.0,29,5.86,3,68.01187665571261,7.976666666666667,1.0,1
65.0,3,14.76,3,94.88169869164683,2.3333333333333326,0.6666666666666666,1
65.0,30,9.81,1,50.39999999999998,2.369999999999999,1.0,1
65.0,31,6.22,2,64.14722667094351,6.05,1.0,1
65.0,32,1.79,1,80.48364057372153,10.91,1.0,1
65.0,4,13.6,3,60.15121157265296,3.336666666666666,1.0,1
65.0,5,11.2,2,117.08321310247024,1.9549999999999992,0.5,1
65.0,7,12.03,1,21.22999999999996,0.25,1.0,1
65.0,8,12.68,3,89.01065931396734,0.8933333333333332,0.6666666666666666,1
65.0,9,11.19,2,102.3693889148103,1.0650000000000004,0.5,1
66.0,0,4.89,2,116.81229462250488,7.18,1.0,1
66.0,1,12.76,4,113.86094869858752,5.210000000000001,0.25,0
66.0,10,13.99,1,111.18482135615456,1.6600000000000001,0.0,0
66.0,11,13.36,3,100.94441907395371,2.053333333333333,0.3333333333333333,0
66.0,12,13.66,2,121.28031615447716,0.14999999999999947,0.5,1
66.0,15,12.33,1,111.18482135615456,1.6600000000000001,0.0,0
66.0,16,12.07,3,101.26306161209713,1.513333333333333,0.6666666666666666,1
66.0,17,11.81,2,54.81062214143474,1.6349999999999998,1.0,1
66.0,18,12.39,1,51.120000000000005,0.7300000000000004,1.0,1
66.0,19,11.98,1,21.55000000000001,0.3200000000000003,1.0,1
66.0,2,13.4,2,142.69186862039498,1.245,0.5,1
66.0,20,13.7,4,132.57366502877588,2.5374999999999996,0.75,1
66.0,21,13.59,3,85.3861753294347,1.0866666666666667,1.0,1
66.0,22,11.37,1,75.05824471701959,1.9900000000000002,1.0,1
66.0,24,11.17,1,137.88,2.2300000000000004,1.0,1
66.0,25,11.06,3,100.31073796798746,1.2466666666666661,0.3333333333333333,0
66.0,26,12.49,3,81.22893152625856,5.096666666666667,0.3333333333333333,0
66.0,27,12.33,1,64.23975093351464,8.4,1.0,1
66.0,28,14.88,3,80.87881019722984,3.7466666666666675,0.6666666666666666,1
66.0,29,7.34,3,69.36495636494567,6.3066666666666675,1.0,1
66.0,3,14.89,3,85.55196778707955,1.8800000000000008,0.6666666666666666,1
66.0,30,11.66,1,51.120000000000005,0.7300000000000004,1.0,1
66.0,31,8.8,2,49.969209472290956,3.1399999999999997,1.0,1
66.0,32,3.93,1,64.23975093351464,8.4,1.0,1
66.0,33,0.0,4,103.77010548939047,11.8575,0.5,1
66.0,4,13.3,3,62.8822442988772,2.693333333333334,0.6666666666666666,1
66.0,5,10.44,3,115.21744494730659,6.013333333333333,0.3333333333333333,0
66.0,7,12.3,1,21.55000000000001,0.3200000000000003,1.0,1
66.0,8,11.74,4,93.73558849135841,4.3725000000000005,0.75,1
66.0,9,11.49,2,101.53683916220774,1.1499999999999995,0.5,1
67.0,0,7.41,2,100.7360565712836,4.815,1.0,1
67.0,10,14.32,1,124.70846803645689,6.26,0.0,0
67.0,11,12.98,3,95.69462868144997,1.1533333333333335,0.3333333333333333,0
67.0,12,13.25,1,92.93812188763017,0.21000000000000085,1.0,1
67.0,15,8.06,1,124.70846803645689,6.26,0.0,0
67.0,16,11.65,3,97.20654870707631,0.5899999999999999,0.6666666666666666,1
67.0,17,12.37,2,36.88308030729716,1.2349999999999994,1.0,1
67.0,18,12.43,1,50.450000000000045,0.6699999999999999,1.0,1
67.0,19,11.93,1,21.170000000000016,0.379999999999999,1.0,1
67.0,20,13.46,3,122.80622615614344,2.2166666666666672,1.0,1
67.0,21,13.07,3,85.62960701410704,0.9166666666666666,1.0,1
67.0,22,13.07,1,49.0445063182412,0.08999999999999986,1.0,1
67.0,25,11.67,3,106.53514875935316,0.6933333333333334,0.3333333333333333,0
67.0,26,11.76,3,86.75855425914092,3.78,0.3333333333333333,0
67.0,27,12.51,1,45.49268512629255,6.24,1.0,1
67.0,28,15.46,3,86.18393625792937,3.905000000000001,1.0,1
67.0,29,9.12,3,71.052629286754,5.605000000000001,1.0,1
67.0,3,14.42,2,53.75433350413573,1.8549999999999995,1.0,1
67.0,30,13.1,1,50.450000000000045,0.6699999999999999,1.0,1
67.0,31,10.62,2,38.414954680969956,1.3900000000000006,1.0,1
67.0,32,6.27,1,45.49268512629255,6.24,1.0,1
67.0,33,1.49,3,93.45519989988617,10.113333333333333,0.6666666666666666,1
67.0,4,13.99,3,66.51428324490564,3.170000000000001,1.0,1
67.0,5,10.99,3,114.77868602668859,4.616666666666666,0.3333333333333333,0
67.0,7,11.55,1,21.170000000000016,0.379999999999999,1.0,1
67.0,8,12.06,4,97.59645130751812,3.56,0.75,1
67.0,9,10.92,2,102.49563020732454,1.4050000000000002,0.5,1
68.0,0,9.71,3,101.69089849106571,2.7266666666666652,1.0,1
68.0,10,14.48,1,137.65763691128797,9.14,0.0,0
68.0,11,13.91,3,92.07715103077062,1.8433333333333337,0.3333333333333333,0
68.0,12,14.48,1,93.84286973446626,1.1300000000000008,1.0,1
68.0,14,13.18,2,140.99927543136667,2.9349999999999996,1.0,1
68.0,15,5.34,1,137.65763691128797,9.14,0.0,0
68.0,16,11.65,2,63.84714143067383,1.1799999999999997,1.0,1
68.0,17,12.84,2,40.0562952670684,0.6049999999999995,1.0,1
68.0,18,11.79,1,47.559999999999945,2.9000000000000004,1.0,1
68.0,19,11.01,1,22.160000000000025,0.9900000000000002,1.0,1
68.0,20,13.35,4,121.90838764499881,1.9874999999999998,1.0,1
68.0,21,12.74,3,93.52055922252976,0.6066666666666661,0.6666666666666666,1
68.0,22,12.73,2,79.73964551690845,0.9450000000000003,1.0,1
68.0,25,12.02,3,107.13748316900177,1.0566666666666673,0.6666666666666666,1
68.0,26,11.61,2,62.93648290693693,4.72,0.5,1
68.0,27,12.7,1,24.797340583215806,4.609999999999999,1.0,1
68.0,28,14.7,3,90.81132356112677,2.094999999999999,1.0,1
68.0,29,10.98,3,72.89320945911386,3.4849999999999994,1.0,1
68.0,3,13.74,2,57.66019146356914,0.8950000000000005,1.0,1
68.0,30,14.69,1,47.559999999999945,2.9000000000000004,1.0,1
68.0,31,12.82,2,50.55285094650608,0.5949999999999998,1.0,1
68.0,32,8.09,1,24.797340583215806,4.609999999999999,1.0,1
68.0,33,3.51,3,95.32964516288031,8.27,0.6666666666666666,1
68.0,4,14.23,3,70.31156629148904,1.8599999999999994,1.0,1
68.0,5,10.78,4,117.92570435505074,3.3274999999999997,0.75,1
68.0,7,12.0,1,22.160000000000025,0.9900000000000002,1.0,1
68.0,8,12.95,4,101.92417106451664,2.945,0.5,1
68.0,9,11.45,2,104.63072082212146,1.5150000000000006,0.5,1
69.0,0,11.43,3,86.31364308148078,1.6033333333333335,1.0,1
69.0,10,14.12,1,146.51,8.509999999999998,0.0,0
69.0,11,13.36,3,92.49379853736532,1.3333333333333328,0.3333333333333333,0
69.0,12,14.22,2,118.17920410163745,0.665,0.5,1
69.0,14,13.66,2,126.6124631099808,2.58,1.0,1
69.0,15,5.61,1,146.51,8.509999999999998,0.0,0
69.0,16,11.16,2,59.2573246329853,1.7350000000000003,1.0,1
69.0,17,11.3,2,45.094483465471555,1.665,1.0,1
69.0,18,12.12,1,43.69999999999993,3.8500000000000014,1.0,1
69.0,19,11.83,1,22.579999999999984,0.41999999999999993,1.0,1
69.0,20,13.31,4,115.36474370302719,1.4650000000000003,0.5,1
69.0,21,13.8,4,112.28932821293456,0.605,0.25,0
69.0,22,13.5,3,90.16367204043091,1.4266666666666665,1.0,1
69.0,25,11.14,3,106.55395563296088,1.7199999999999995,0.6666666666666666,1
69.0,26,12.14,2,69.8726853963562,3.695,0.5,1
69.0,27,12.89,1,3.3870488629483972,2.3100000000000005,1.0,1
69.0,28,15.63,2,64.335,2.615000000000001,1.0,1
69.0,29,12.33,3,75.58265517569653,2.335,1.0,1
69.0,3,14.02,2,62.565960210269246,0.8649999999999993,0.5,1
69.0,30,15.97,1,43.69999999999993,3.8500000000000014,1.0,1
69.0,31,14.49,2,66.62053459755317,3.26,1.0,1
69.0,32,10.58,1,3.3870488629483972,2.3100000000000005,1.0,1
69.0,33,5.12,2,68.51880061426232,7.205,1.0,1
69.0,4,13.7,3,74.4986874230545,1.6500000000000004,1.0,1
69.0,5,10.73,3,90.3706706020886,2.07,1.0,1
69.0,7,12.25,1,22.579999999999984,0.41999999999999993,1.0,1
69.0,8,12.51,4,106.96709846267395,2.6399999999999997,0.5,1
69.0,9,11.72,3,118.67086865224617,1.3333333333333328,0.6666666666666666,1
70.0,0,13.95,3,73.51718954720937,1.4633333333333323,1.0,1
70.0,11,14.13,2,86.92632688103004,1.6750000000000007,0.5,1
70.0,12,13.77,2,108.689496355296,0.544999999999999,0.5,1
70.0,14,13.25,2,113.77593817685892,1.3949999999999996,1.0,1
70.0,16,11.27,2,57.65915627402816,3.95,0.5,1
70.0,17,6.91,2,49.33341546657675,6.13,1.0,1
70.0,18,12.33,1,40.690000000000055,3.01,1.0,1
70.0,19,13.07,1,21.45999999999998,1.120000000000001,1.0,1
70.0,20,13.05,4,111.0933120120337,0.9649999999999994,0.5,1
70.0,21,13.4,4,113.63055665260325,0.9049999999999998,0.25,0
70.0,22,12.85,3,89.22814745070514,1.3533333333333335,1.0,1
70.0,25,12.06,3,107.73362717603429,1.3533333333333335,0.6666666666666666,1
70.0,26,7.98,1,17.868866779961156,1.0500000000000007,1.0,1
70.0,27,13.03,1,24.22230583573743,0.9399999999999995,1.0,1
70.0,28,15.18,2,66.735,2.41,1.0,1
70.0,29,12.12,3,79.52662040021677,2.1800000000000006,1.0,1
70.0,3,10.89,2,66.46062526179696,2.3149999999999995,0.5,1
70.0,30,15.34,1,40.690000000000055,3.01,1.0,1
70.0,31,14.81,2,82.47482306744979,5.720000000000001,0.5,1
70.0,32,12.09,1,24.22230583573743,0.9399999999999995,1.0,1
70.0,33,6.93,2,78.40943338998059,3.5650000000000004,1.0,1
70.0,4,13.42,3,79.19372709930231,1.5300000000000002,1.0,1
70.0,5,11.16,3,73.11752215063942,2.2566666666666664,1.0,1
70.0,7,11.95,1,21.45999999999998,1.120000000000001,1.0,1
70.0,8,13.01,3,96.73268257689101,2.8633333333333333,0.6666666666666666,1
70.0,9,10.86,2,98.08624042903725,1.5950000000000006,1.0,1
71.0,0,14.15,3,76.9249653561104,1.7733333333333334,1.0,1
71.0,11,13.08,1,57.23951869119795,0.5500000000000007,0.0,0
71.0,12,9.34,2,103.03552742172954,4.35,0.0,0
71.0,14,12.71,2,103.04252292625762,1.71,1.0,1
71.0,16,9.13,2,59.63183065162817,5.815,0.5,1
71.0,17,4.4,2,54.55735155654314,8.18,0.5,1
71.0,18,12.7,1,37.299999999999955,3.379999999999999,1.0,1
71.0,19,11.73,1,21.710000000000036,0.2400000000000002,1.0,1
71.0,20,13.69,4,109.0807803795039,2.59,0.6666666666666666,1
71.0,22,12.53,4,90.99322039174945,3.7325,0.75,1
71.0,23,11.33,1,144.44966805084738,0.9800000000000004,1.0,1
71.0,25,11.37,3,60.22029116841566,4.333333333333333,1.0,1
71.0,26,3.48,2,21.630747517594113,4.705,1.0,1
71.0,27,12.76,1,49.70311861442904,0.07000000000000028,1.0,1
71.0,28,12.56,2,65.975,0.9299999999999997,1.0,1
71.0,29,12.39,3,83.66612571601084,1.0149999999999997,1.0,1
71.0,3,6.39,2,69.64978638046996,5.920000000000001,1.0,1
71.0,30,16.08,1,37.299999999999955,3.379999999999999,1.0,1
71.0,31,16.03,2,99.64863201225367,9.265,0.0,0
71.0,32,12.83,1,49.70311861442904,0.07000000000000028,1.0,1
71.0,33,9.41,3,70.72404675701887,6.080000000000001,1.0,1
71.0,34,0.0,3,56.05857642517751,11.913333333333332,1.0,1
71.0,35,0.0,2,26.14429899336792,6.445,1.0,1
71.0,4,14.25,2,49.184999999999995,1.7749999999999995,1.0,1
71.0,5,10.73,3,70.48578434108951,2.7866666666666666,1.0,1
71.0,7,11.97,1,21.710000000000036,0.2400000000000002,1.0,1
71.0,8,12.31,4,108.69930053082497,3.266666666666667,1.0,1
71.0,9,11.84,3,79.49892003167342,4.333333333333333,1.0,1
72.0,0,13.43,5,105.72372894818963,3.7299999999999995,1.0,1
72.0,11,13.05,1,83.65122892103857,0.33999999999999986,0.0,0
72.0,12,4.84,2,100.45491632554939,8.57,0.0,0
72.0,14,13.76,2,93.20573719812222,3.0149999999999997,1.0,1
72.0,16,4.69,2,64.95910116942464,6.445,0.5,1
72.0,17,2.21,2,61.04820536522303,7.6850000000000005,0.5,1
72.0,18,12.47,1,34.67999999999995,2.6099999999999994,1.0,1
72.0,19,12.7,1,20.989999999999952,0.7199999999999989,1.0,1
72.0,20,13.41,4,109.2003630791547,4.6466666666666665,0.6666666666666666,1
72.0,22,13.39,4,87.67806973064455,3.9350000000000005,0.75,1
72.0,23,11.7,2,134.5743980331381,5.3100000000000005,1.0,1
72.0,25,11.66,3,60.47759583790877,4.04,1.0,1
72.0,26,2.62,3,65.83718389418321,6.71,1.0,1
72.0,27,9.44,1,71.80134330219737,3.25,1.0,1
72.0,28,8.06,2,60.885000000000005,5.084999999999999,1.0,1
72.0,29,12.75,2,79.635,2.7399999999999993,1.0,1
72.0,3,2.26,3,93.2034054568144,10.030000000000001,1.0,1
72.0,30,15.08,1,34.67999999999995,2.6099999999999994,1.0,1
72.0,31,15.1,2,115.30013137030107,11.65,0.0,0
72.0,32,12.69,1,71.80134330219737,3.25,1.0,1
72.0,33,11.31,4,95.90933323844693,5.425000000000001,1.0,1
72.0,34,1.36,3,51.656937540414674,10.906666666666666,1.0,1
72.0,35,1.99,2,32.635457348049954,4.9750000000000005,1.0,1
72.0,4,13.54,2,46.84,3.134999999999999,1.0,1
72.0,5,8.06,3,67.6620962405646,5.473333333333333,1.0,1
72.0,7,11.98,1,20.989999999999952,0.7199999999999989,1.0,1
72.0,8,12.88,4,105.78327834716221,4.456666666666668,1.0,1
72.0,9,11.75,3,70.29914995552319,4.04,1.0,1
73.0,0,13.72,6,111.06598531292474,5.271666666666667,1.0,1
73.0,11,11.69,1,108.62714393741558,1.6100000000000012,0.0,0
73.0,12,6.54,2,96.81723696460669,6.8999999999999995,0.0,0
73.0,14,13.14,3,99.2911790486311,3.03,1.0,1
73.0,16,6.57,2,71.75062889993322,6.345,0.5,1
73.0,17,2.73,2,67.38657261133459,8.265,0.5,1
73.0,18,12.11,1,30.5,4.170000000000002,1.0,1
73.0,19,11.34,1,21.349999999999966,0.34999999999999964,1.0,1
73.0,20,13.44,5,114.00900763184589,3.9974999999999996,0.75,1
73.0,22,13.3,4,84.96791442822837,3.7025000000000006,0.75,1
73.0,23,12.03,2,122.16726471187351,5.89,1.0,1
73.0,25,11.38,4,82.46879506507955,2.755,1.0,1
73.0,26,3.05,3,66.28054805821209,6.8999999999999995,1.0,1
73.0,27,5.66,1,90.06941434249482,7.34,0.0,0
73.0,28,3.56,2,51.503575927403844,8.584999999999999,1.0,1
73.0,29,12.02,2,75.12105745120613,4.3549999999999995,1.0,1
73.0,3,0.92,4,104.26507872535751,11.556666666666667,1.0,1
73.0,30,16.28,1,30.5,4.170000000000002,1.0,1
73.0,31,15.42,2,129.9040817784797,10.77,0.0,0
73.0,32,13.0,1,90.06941434249482,7.34,0.0,0
73.0,33,12.7,5,107.89489765981182,6.343999999999999,0.8,1
73.0,34,3.77,3,47.463106665603654,8.306666666666667,1.0,1
73.0,35,3.43,3,75.50196995203503,6.646666666666667,0.6666666666666666,1
73.0,4,12.27,2,42.22251847619772,4.4799999999999995,1.0,1
73.0,5,4.93,3,64.61381615555058,8.503333333333332,1.0,1
73.0,7,11.69,1,21.349999999999966,0.34999999999999964,1.0,1
73.0,8,12.7,4,104.42485799243651,3.4424999999999994,1.0,1
73.0,9,11.55,3,62.101555758539575,3.233333333333334,1.0,1
74.0,0,13.46,6,111.35095941170847,4.416666666666667,0.5,1
74.0,11,7.41,1,129.4495581297982,6.0,0.0,0
74.0,14,13.15,3,87.1275693556106,2.4933333333333336,0.6666666666666666,1
74.0,16,8.76,2,81.30089045088775,6.470000000000001,0.5,1
74.0,17,2.69,2,75.57433738615055,9.505,1.0,1
74.0,18,11.88,2,87.02258150210028,1.2299999999999995,1.0,1
74.0,19,11.42,1,22.189999999999998,0.8300000000000001,1.0,1
74.0,20,13.48,3,79.90023047010796,2.506666666666667,1.0,1
74.0,22,13.41,4,82.39853825608171,4.710000000000001,0.75,1
74.0,23,11.44,2,111.24449581186371,5.92,1.0,1
74.0,24,10.93,1,69.5138986102779,10.93,1.0,1
74.0,25,11.28,5,90.05064390676928,4.083999999999999,1.0,1
74.0,26,3.14,3,67.85979939499086,8.153333333333334,1.0,1
74.0,27,5.46,1,103.92368594309961,7.250000000000001,0.0,0
74.0,28,4.41,2,42.32751037480051,5.6049999999999995,1.0,1
74.0,29,12.26,2,66.87298309064894,6.17,1.0,1
74.0,3,0.59,4,98.8860764260206,11.837499999999999,1.0,1
74.0,30,13.97,1,28.41999999999996,2.09,1.0,1
74.0,31,15.63,2,144.2365530647372,9.905000000000001,0.5,1
74.0,32,12.71,1,103.92368594309961,7.250000000000001,0.0,0
74.0,33,14.56,5,109.13478115226799,7.464,0.6,1
74.0,34,5.16,3,43.75389707108874,6.719999999999999,1.0,1
74.0,35,5.86,3,80.38449762918256,6.34,0.6666666666666666,1
74.0,37,0.0,1,69.5138986102779,10.93,1.0,1
74.0,4,7.77,2,36.814527284151566,3.925,1.0,1
74.0,5,6.31,3,61.903615544621935,7.053333333333335,0.6666666666666666,1
74.0,7,12.25,2,83.9075815021003,0.5999999999999996,1.0,1
74.0,8,12.43,4,98.23441833793461,4.0275,1.0,1
74.0,9,10.95,3,54.92848801912519,2.86,1.0,1
75.0,0,13.71,6,113.38782508006479,4.301666666666667,0.3333333333333333,0
75.0,11,5.75,1,148.17855445374002,7.25,0.0,0
75.0,14,13.02,3,77.5797600871321,2.7099999999999995,0.6666666666666666,1
75.0,16,10.45,1,22.60621374755182,5.829999999999999,1.0,1
75.0,17,4.62,2,86.10310687377591,8.459999999999999,1.0,1
75.0,18,12.34,3,97.38592670345865,0.8733333333333336,1.0,1
75.0,19,12.59,2,81.84291864838669,0.8200000000000003,1.0,1
75.0,20,12.88,3,68.35776262828419,2.7099999999999995,0.6666666666666666,1
75.0,22,13.0,4,81.43354755827912,4.2825,0.75,1
75.0,23,11.55,3,114.18659433059634,4.546666666666666,1.0,1
75.0,24,10.63,1,80.22416842822366,9.170000000000002,1.0,1
75.0,25,11.78,5,84.29726472888723,3.322,1.0,1
75.0,26,5.57,3,70.12498338317091,6.96,1.0,1
75.0,27,7.4,1,117.87031857087686,6.1,0.0,0
75.0,28,6.98,2,37.357735634298486,3.24,1.0,1
75.0,29,12.5,2,57.95198330164723,6.0,1.0,1
75.0,3,2.96,4,91.17321950553983,9.91,1.0,1
75.0,30,13.57,2,88.22215275603409,1.8000000000000007,1.0,1
75.0,31,15.71,1,149.60000000000002,11.09,1.0,1
75.0,32,13.5,1,117.87031857087686,6.1,0.0,0
75.0,33,16.02,6,116.01510981314,7.056666666666666,0.6666666666666666,1
75.0,34,6.7,4,65.90482885930838,5.1875,1.0,1
75.0,35,7.86,3,87.45373375932193,5.433333333333334,0.6666666666666666,1
75.0,37,1.46,1,80.22416842822366,9.170000000000002,1.0,1
75.0,4,6.02,2,34.28575233265124,3.7200000000000006,1.0,1
75.0,5,5.72,3,58.99153166578129,7.483333333333334,0.6666666666666666,1
75.0,7,11.2,3,97.3854161085569,1.633333333333334,1.0,1
75.0,8,12.13,5,101.7231641987711,3.8840000000000003,1.0,1
75.0,9,10.64,3,49.124761300847304,2.4799999999999995,1.0,1
76.0,0,13.62,6,116.89774521864162,3.434999999999999,0.3333333333333333,0
76.0,14,13.69,3,68.80003771458827,2.813333333333333,0.6666666666666666,1
76.0,16,11.29,1,35.779934320789316,4.119999999999999,1.0,1
76.0,17,7.17,1,35.779934320789316,4.119999999999999,1.0,1
76.0,18,12.58,3,81.14844318010144,1.0166666666666668,1.0,1
76.0,19,11.11,4,88.73567822049047,3.8500000000000005,0.75,1
76.0,20,13.25,3,56.78194445412064,2.766666666666666,0.6666666666666666,1
76.0,22,13.03,3,55.15725695317212,2.439999999999999,1.0,1
76.0,23,11.93,4,111.51331612077234,3.1999999999999993,1.0,1
76.0,24,10.22,1,90.96637620571681,6.58,0.0,0
76.0,25,11.89,6,89.77399521822163,2.2816666666666663,1.0,1
76.0,26,7.22,3,73.19755892192038,6.069999999999999,1.0,1
76.0,27,9.97,2,139.36467859120205,2.6799999999999997,0.5,1
76.0,28,8.59,2,36.5499266309481,4.625,1.0,1
76.0,29,12.63,2,48.65203746181204,6.6450000000000005,1.0,1
76.0,3,4.41,4,83.36879114567667,8.82,1.0,1
76.0,30,13.31,3,98.77545949559175,1.5033333333333339,1.0,1
76.0,32,13.01,1,132.0244530380641,3.039999999999999,0.0,0
76.0,33,16.08,6,114.59030561432176,6.018333333333331,0.6666666666666666,1
76.0,34,8.58,4,59.564775168481574,3.73,1.0,1
76.0,35,10.17,3,96.61618153405357,4.103333333333333,0.6666666666666666,1
76.0,36,7.65,1,146.70490414434002,2.3200000000000003,1.0,1
76.0,37,3.64,1,90.96637620571681,6.58,0.0,0
76.0,38,0.0,2,79.37572665244784,11.42,0.0,0
76.0,4,3.38,2,33.527899031067925,7.23,1.0,1
76.0,5,5.76,3,54.96087191200715,7.760000000000001,0.6666666666666666,1
76.0,7,11.73,4,83.38011211250338,3.6950000000000003,0.75,1
76.0,8,13.02,6,102.25839475125049,3.3416666666666663,1.0,1
76.0,9,11.3,4,70.02903939865026,1.6899999999999995,1.0,1
77.0,0,13.47,6,122.15009834379032,3.0600000000000005,0.5,1
77.0,14,13.33,3,63.01717229773423,3.266666666666667,0.6666666666666666,1
77.0,16,11.32,1,50.32624067025069,2.1799999999999997,1.0,1
77.0,17,9.14,1,50.32624067025069,2.1799999999999997,1.0,1
77.0,18,11.85,3,64.64422211466054,0.9400000000000001,1.0,1
77.0,19,12.28,4,79.6645251825305,3.1475,0.75,1
77.0,20,9.25,3,53.94538475545179,3.266666666666667,1.0,1
77.0,22,11.79,4,78.73361634053214,0.6099999999999994,1.0,1
77.0,23,11.32,4,97.70974194588135,2.4900000000000007,1.0,1
77.0,24,11.39,1,103.26437962821448,6.040000000000001,0.0,0
77.0,25,10.86,6,82.66999104429463,1.2600000000000002,1.0,1
77.0,26,8.81,3,76.99710509896727,4.793333333333333,0.6666666666666666,1
77.0,27,11.56,2,136.29043025079073,1.7349999999999994,0.5,1
77.0,28,10.24,2,37.98140229243041,4.775,1.0,1
77.0,29,12.71,2,40.54796108807449,6.010000000000001,1.0,1
77.0,3,6.81,5,90.53027150194752,5.312000000000001,1.0,1
77.0,30,13.9,3,80.9015604573445,2.020000000000001,1.0,1
77.0,32,13.27,1,147.23000849011723,1.709999999999999,0.0,0
77.0,33,15.48,6,113.57972907789497,4.743333333333333,0.6666666666666666,1
77.0,34,10.8,5,73.49580807470505,1.4439999999999995,1.0,1
77.0,35,11.86,3,107.23576139885718,2.7600000000000002,0.3333333333333333,0
77.0,36,9.8,1,125.35085201146421,1.7599999999999998,1.0,1
77.0,37,5.35,1,103.26437962821448,6.040000000000001,0.0,0
77.0,38,2.51,2,93.7702879355002,9.385,0.0,0
77.0,4,3.16,2,31.836558795644073,8.315000000000001,1.0,1
77.0,5,7.75,3,58.2811359804548,4.266666666666667,0.6666666666666666,1
77.0,7,11.51,4,74.50495571422343,3.125,0.75,1
77.0,8,12.15,7,99.27202195953917,1.86,1.0,1
77.0,9,11.63,4,62.4703556986871,0.5699999999999998,1.0,1
78.0,0,14.61,6,129.26964721982546,3.513333333333333,0.5,1
78.0,12,13.52,1,148.959947972601,13.52,1.0,1
78.0,14,12.64,3,61.11434969118656,3.8800000000000003,0.6666666666666666,1
78.0,16,11.34,1,66.11826449627972,0.28999999999999915,0.0,0
78.0,17,11.05,1,66.11826449627972,0.28999999999999915,0.0,0
78.0,18,12.97,3,48.737819908860416,1.370000000000001,1.0,1
78.0,19,10.92,4,71.66679563922915,2.5975,0.75,1
78.0,20,6.01,3,57.69622509812726,6.273333333333333,1.0,1
78.0,22,8.4,4,81.39099730875655,3.6299999999999994,1.0,1
78.0,23,11.54,5,78.91561328771338,4.026000000000001,1.0,1
78.0,24,10.53,1,115.47483232289193,2.6399999999999997,0.0,0
78.0,25,11.86,7,80.53534704011084,2.94,1.0,1
78.0,26,11.36,4,97.77705370504987,5.465,0.75,1
78.0,27,12.43,1,101.40050542280349,0.8900000000000006,1.0,1
78.0,28,12.84,2,43.43816669975793,4.185,1.0,1
78.0,29,12.56,2,36.21390030071119,4.045,1.0,1
78.0,3,9.26,6,71.97726415429926,4.616666666666667,0.8333333333333334,1
78.0,30,12.85,3,65.06727819131116,1.2900000000000003,1.0,1
78.0,33,16.11,6,94.98704916062074,6.155,0.8333333333333334,1
78.0,34,12.27,5,68.20687232459363,1.844,1.0,1
78.0,35,13.86,2,101.79289172426641,1.625,0.5,1
78.0,36,11.54,1,101.40050542280349,0.8900000000000006,1.0,1
78.0,37,7.89,1,115.47483232289193,2.6399999999999997,0.0,0
78.0,38,4.62,2,109.35725488404005,6.3549999999999995,0.0,0
78.0,39,0.0,7,87.26653076127639,12.372857142857145,0.8571428571428571,1
78.0,4,4.75,2,30.12573360095326,7.95,1.0,1
78.0,5,9.6,3,67.54301581374885,3.8800000000000003,0.6666666666666666,1
78.0,7,11.03,4,66.48565537791956,2.5700000000000003,0.75,1
78.0,8,12.96,8,87.5479716959464,3.6887500000000006,0.75,1
78.0,9,11.03,4,58.19348865252157,1.6575000000000002,1.0,1
79.0,0,14.41,3,112.89571018280962,3.8266666666666667,1.0,1
79.0,12,13.41,2,137.4675685140473,7.11,1.0,1
79.0,14,12.76,2,21.061292218716556,4.09,1.0,1
79.0,16,11.6,1,82.83642978786568,0.5300000000000011,0.0,0
79.0,17,12.13,2,113.31873644976022,2.935000000000001,0.5,1
79.0,18,12.45,3,32.510203152553075,1.153333333333333,1.0,1
79.0,19,11.18,4,63.98598660463854,2.2525,0.75,1
79.0,20,5.85,3,67.13740903553594,7.036666666666666,1.0,1
79.0,22,4.56,4,86.51217592450996,7.525,1.0,1
79.0,23,11.23,6,77.86361693564176,2.8649999999999998,1.0,1
79.0,24,11.47,1,129.38411378527118,1.6400000000000006,0.0,0
79.0,25,11.16,8,80.5927750250651,3.0825,1.0,1
79.0,26,12.42,5,109.2813615181833,3.692,0.8,1
79.0,27,12.49,1,76.38705649519429,0.02999999999999936,1.0,1
79.0,28,14.46,2,52.25445599038166,5.215000000000001,1.0,1
79.0,29,11.31,2,38.80725447704113,3.6400000000000006,1.0,1
79.0,3,11.23,7,79.38601996968801,2.625714285714285,0.8571428571428571,1
79.0,30,13.68,3,47.99504643223009,1.9733333333333334,1.0,1
79.0,31,6.79,1,143.80104311165476,5.340000000000001,1.0,1
79.0,33,15.6,7,91.88592250858184,5.135714285714285,1.0,1
79.0,34,12.94,7,84.62372581449448,3.8257142857142847,1.0,1
79.0,35,13.48,2,110.33905427808838,0.9950000000000001,0.5,1
79.0,36,12.52,1,76.38705649519429,0.02999999999999936,1.0,1
79.0,37,9.83,1,129.38411378527118,1.6400000000000006,0.0,0
79.0,38,6.25,2,126.94061978064872,5.085,0.0,0
79.0,39,1.38,8,88.76795502760677,11.17125,0.875,1
79.0,4,7.18,2,31.182798486659472,5.705000000000001,1.0,1
79.0,5,11.49,2,33.439821334587336,3.455,1.0,1
79.0,7,11.49,4,58.74826047427321,2.175,0.75,1
79.0,8,12.42,8,80.59698220585959,3.3549999999999995,0.75,1
79.0,9,11.82,4,54.83656790338578,2.4099999999999997,1.0,1
80.0,0,13.58,2,96.3440121710691,1.0249999999999995,1.0,1
80.0,12,14.23,4,133.33477997703488,4.130000000000001,0.75,1
80.0,14,12.81,3,67.24055260397111,2.6766666666666676,1.0,1
80.0,15,12.75,1,140.75708756577768,1.3000000000000007,1.0,1
80.0,16,11.45,3,105.0047162987026,4.713333333333334,0.6666666666666666,1
80.0,17,12.84,3,95.45144005890889,6.833333333333333,0.6666666666666666,1
80.0,18,11.73,3,16.720988433161402,0.6266666666666664,1.0,1
80.0,19,12.02,4,56.94590307483485,1.2400000000000002,0.75,1
80.0,20,8.01,2,39.498927896757976,3.575,1.0,1
80.0,22,5.6,4,90.4735784776906,6.4575000000000005,1.0,1
80.0,23,11.08,7,76.59912991281338,2.591428571428571,0.8571428571428571,1
80.0,24,10.9,1,143.81743496530595,1.129999999999999,0.0,0
80.0,25,11.2,9,83.7542039212066,2.8588888888888895,1.0,1
80.0,26,11.96,6,114.03178468526056,2.746666666666666,0.8333333333333334,1
80.0,27,12.9,1,50.331827902431684,0.29999999999999893,1.0,1
80.0,28,15.18,2,62.62867230404668,6.91,1.0,1
80.0,29,7.8,2,48.70452283275473,4.16,1.0,1
80.0,3,12.96,8,86.87536403617653,2.3200000000000003,0.875,1
80.0,30,12.98,3,30.946081686929602,1.0400000000000003,1.0,1
80.0,31,6.57,1,132.0090091622537,6.27,1.0,1
80.0,33,14.95,8,87.9973985588695,3.6724999999999994,0.875,1
80.0,34,13.1,8,85.57338839072725,3.2024999999999997,1.0,1
80.0,35,13.15,2,118.91830805181084,0.8099999999999996,0.5,1
80.0,36,13.2,1,50.331827902431684,0.29999999999999893,1.0,1
80.0,37,12.03,2,145.61054412216035,0.9550000000000001,0.5,1
80.0,38,8.36,1,136.77743819797183,3.66,0.0,0
80.0,39,3.16,8,83.08343908069561,9.59125,0.875,1
80.0,4,8.74,2,37.145850528708046,3.69,1.0,1
80.0,40,0.0,2,64.34587515792867,12.145,1.0,1
80.0,5,10.36,2,38.4199256303087,2.4000000000000004,1.0,1
80.0,7,12.07,3,16.718345419635202,0.43333333333333357,1.0,1
80.0,8,12.53,9,86.86032096565754,2.8144444444444447,0.4444444444444444,0
80.0,9,11.4,5,71.0671910730085,2.0780000000000003,1.0,1
81.0,0,11.08,2,102.023023542397,1.915,1.0,1
81.0,10,14.98,1,124.811028759481,3.58,1.0,1
81.0,12,14.22,6,126.47470140141387,3.1216666666666675,0.8333333333333334,1
81.0,14,12.67,3,68.51582942543685,1.6166666666666671,1.0,1
81.0,15,12.61,1,125.19285482806116,1.5899999999999999,1.0,1
81.0,16,11.02,3,109.22079645125503,4.213333333333334,0.3333333333333333,0
81.0,17,13.06,3,100.78257961925112,5.803333333333335,0.6666666666666666,1
81.0,18,12.06,3,15.591030967906134,0.45333333333333314,1.0,1
81.0,19,12.11,3,15.305766551731857,0.48666666666666575,1.0,1
81.0,20,10.5,2,54.95411707877798,1.3949999999999996,1.0,1
81.0,22,5.76,4,91.08000585960303,6.485,1.0,1
81.0,23,12.23,9,85.13570666820276,1.4877777777777779,0.8888888888888888,1
81.0,24,11.4,1,124.811028759481,3.58,1.0,1
81.0,25,11.63,9,79.74606330089176,2.2177777777777776,0.8888888888888888,1
81.0,26,12.25,6,111.88367423258394,1.9566666666666668,0.8333333333333334,1
81.0,27,13.16,1,24.886590766917042,0.7699999999999996,1.0,1
81.0,28,15.08,3,95.55122646349417,5.86,1.0,1
81.0,29,3.3,2,60.17002639722989,9.55,1.0,1
81.0,3,13.88,8,92.38047160316839,2.563750000000001,0.875,1
81.0,30,11.51,3,16.223717305130045,0.45333333333333314,1.0,1
81.0,31,8.74,1,119.94129397334346,4.32,1.0,1
81.0,33,11.49,8,78.13193104289473,1.9187500000000002,0.875,1
81.0,34,13.34,9,85.52548261699059,2.677777777777778,1.0,1
81.0,35,13.74,3,133.98556692551617,1.83,0.6666666666666666,1
81.0,36,12.39,1,24.886590766917042,0.7699999999999996,1.0,1
81.0,37,13.8,2,140.35132958742292,1.9050000000000011,1.0,1
81.0,39,5.58,8,79.96183717537829,7.09,0.875,1
81.0,4,10.62,2,43.97001929011196,5.890000000000001,1.0,1
81.0,40,2.01,2,75.48154482064706,10.030000000000001,0.5,1
81.0,5,11.12,3,78.04113501869709,1.6166666666666671,1.0,1
81.0,7,11.3,3,14.988981721304263,0.5933333333333325,1.0,1
81.0,8,12.32,9,88.11244888628174,2.224444444444445,0.3333333333333333,0
81.0,9,11.69,6,78.28594072230028,1.8333333333333337,1.0,1
82.0,0,6.58,3,124.1851854743041,6.329999999999999,0.6666666666666666,1
82.0,10,14.41,1,99.3415527360027,3.34,1.0,1
82.0,12,14.17,7,116.00162469946761,3.8028571428571425,0.8571428571428571,1
82.0,14,12.74,3,70.31363806541042,1.5399999999999998,0.6666666666666666,1
82.0,15,11.88,1,110.33692582268185,0.9300000000000015,1.0,1
82.0,16,10.95,3,113.61603406239145,3.2100000000000004,0.3333333333333333,0
82.0,17,12.52,4,106.95814870097347,6.0525,0.75,1
82.0,18,12.5,3,30.5191734866725,1.05,0.6666666666666666,1
82.0,19,11.12,3,15.961899686243953,0.8300000000000001,1.0,1
82.0,20,12.41,3,97.67212360959796,2.563333333333333,0.3333333333333333,0
82.0,22,7.81,4,89.03699466498131,3.8725000000000005,1.0,1
82.0,23,10.06,9,78.79841106045156,2.5288888888888885,0.8888888888888888,1
82.0,24,11.07,1,99.3415527360027,3.34,1.0,1
82.0,25,10.97,9,76.95564950744487,2.311111111111111,0.8888888888888888,1
82.0,26,12.45,6,107.61256029814416,3.6899999999999995,0.6666666666666666,1
82.0,27,12.66,1,3.223678023624613,0.25,1.0,1
82.0,28,14.68,3,93.52154337148086,4.956666666666666,1.0,1
82.0,29,2.74,2,71.045,10.879999999999999,1.0,1
82.0,3,14.43,8,100.36783228795633,3.9349999999999996,0.5,1
82.0,30,12.17,3,15.970638613524322,0.8300000000000001,1.0,1
82.0,31,11.1,2,76.34364611360759,6.26,1.0,1
82.0,33,6.99,9,79.80441217924314,4.739999999999999,0.8888888888888888,1
82.0,34,12.53,9,81.99318951433594,2.717777777777777,0.8888888888888888,1
82.0,35,13.87,2,127.34731505722132,4.05,1.0,1
82.0,36,12.41,1,3.223678023624613,0.25,1.0,1
82.0,37,15.17,2,130.82909460958194,3.3599999999999994,1.0,1
82.0,39,7.73,8,81.23948033515559,4.134999999999999,0.75,1
82.0,4,12.56,2,49.935,5.97,1.0,1
82.0,40,3.82,2,85.56798918400472,7.914999999999999,0.5,1
82.0,41,0.0,2,76.47501485442399,11.809999999999999,1.0,1
82.0,5,10.88,3,79.75454861724215,2.559999999999999,0.6666666666666666,1
82.0,7,11.06,3,28.747912413952818,0.8699999999999992,0.6666666666666666,1
82.0,8,11.84,9,94.3176148807645,2.411111111111111,0.2222222222222222,0
82.0,9,11.39,7,81.00465907876512,2.051428571428571,0.8571428571428571,1
83.0,0,8.03,3,128.50032760472737,5.063333333333334,0.6666666666666666,1
83.0,10,13.99,1,74.90838137351524,3.5199999999999996,1.0,1
83.0,12,13.96,8,106.26680524168962,3.9287500000000017,0.875,1
83.0,14,11.56,3,72.84544416005362,2.016666666666667,0.6666666666666666,1
83.0,15,12.0,1,94.94223138308892,0.08000000000000007,1.0,1
83.0,16,11.92,2,102.352429679094,3.365,0.5,1
83.0,17,12.02,3,94.20469402521928,6.276666666666666,1.0,1
83.0,18,12.95,3,46.297164079634264,1.4400000000000002,0.3333333333333333,0
83.0,19,11.03,3,31.37198695308233,1.4400000000000002,0.6666666666666666,1
83.0,20,12.97,3,107.11871943866544,2.883333333333334,0.3333333333333333,0
83.0,22,9.5,4,85.60381090519459,2.4349999999999996,1.0,1
83.0,23,6.29,9,74.34615071522028,5.644444444444444,0.7777777777777778,1
83.0,24,10.47,1,74.90838137351524,3.5199999999999996,1.0,1
83.0,25,11.2,10,81.14019940597896,2.54,0.8,1
83.0,26,12.32,7,104.26996852547619,3.7385714285714293,0.7142857142857143,1
83.0,27,12.82,1,26.553523306710172,0.33000000000000007,0.0,0
83.0,28,15.1,3,90.25517893962746,3.943333333333333,1.0,1
83.0,29,5.25,2,80.46000000000001,9.415,1.0,1
83.0,3,14.67,7,103.34518193548249,4.882857142857143,0.0,0
83.0,30,13.41,3,31.373711781817118,1.7466666666666673,0.6666666666666666,1
83.0,31,13.62,2,80.5275991540941,6.839999999999999,0.5,1
83.0,33,3.88,9,75.12199098305523,7.786666666666668,0.7777777777777778,1
83.0,34,12.94,9,79.32253848298014,3.204444444444445,0.7777777777777778,1
83.0,35,13.99,2,120.06776840944119,3.535,1.0,1
83.0,36,13.15,1,26.553523306710172,0.33000000000000007,0.0,0
83.0,37,15.31,2,123.11272753519805,4.195,1.0,1
83.0,39,10.02,7,72.16722673982503,3.551428571428571,0.8571428571428571,1
83.0,4,14.23,2,54.86,4.925,1.0,1
83.0,40,5.27,2,95.33631398754952,6.7,0.5,1
83.0,41,1.54,2,78.19298601610436,11.28,0.5,1
83.0,5,10.67,3,82.58509363541053,2.6100000000000008,0.6666666666666666,1
83.0,7,11.01,3,44.812222241702415,1.4533333333333331,0.3333333333333333,0
83.0,8,11.74,7,89.43661505278638,2.8042857142857147,0.2857142857142857,0
83.0,9,11.86,8,86.08901826176499,2.835,0.875,1
84.0,0,10.61,4,136.0529263198235,2.095,0.75,1
84.0,10,14.15,1,49.67318089271116,3.040000000000001,1.0,1
84.0,12,14.05,7,84.91568049208546,5.172857142857144,1.0,1
84.0,14,10.69,3,76.47252346456395,2.6100000000000008,0.6666666666666666,1
84.0,15,11.7,1,80.63271048402127,0.1999999999999993,1.0,1
84.0,16,11.5,2,101.6991191094026,2.0849999999999995,0.5,1
84.0,17,11.87,3,91.03928166695812,5.6066666666666665,1.0,1
84.0,18,11.77,3,61.24270222846639,0.7299999999999999,0.3333333333333333,0
84.0,19,11.06,3,47.158380031286676,1.0833333333333328,0.3333333333333333,0
84.0,20,13.61,3,117.47877275896651,2.823333333333333,0.3333333333333333,0
84.0,22,11.08,4,80.406120488557,1.0025,1.0,1
84.0,23,1.79,9,71.39418149370601,9.794444444444444,0.7777777777777778,1
84.0,24,11.11,1,49.67318089271116,3.040000000000001,1.0,1
84.0,25,11.44,10,77.94545038852877,3.061,0.8,1
84.0,26,12.4,8,99.70033420567687,3.755,0.75,1
84.0,27,12.07,1,51.220058570837274,0.6099999999999994,0.0,0
84.0,28,15.57,3,86.9101997237907,4.2700000000000005,1.0,1
84.0,29,7.07,2,88.12,7.655,1.0,1
84.0,3,14.26,7,112.47827940565902,5.382857142857142,0.0,0
84.0,30,13.07,3,47.15851659025841,1.596666666666667,0.3333333333333333,0
84.0,31,15.41,2,88.3401171034842,8.010000000000002,0.5,1
84.0,33,0.22,9,72.24515119551023,11.19,0.7777777777777778,1
84.0,34,12.85,10,84.30398015501915,3.258,0.8,1
84.0,35,12.95,3,119.14093756818288,1.963333333333334,1.0,1
84.0,36,12.68,1,51.220058570837274,0.6099999999999994,0.0,0
84.0,37,15.23,2,117.87727083179794,4.355,1.0,1
84.0,39,11.86,8,82.93469999241081,3.687500000000001,0.875,1
84.0,4,13.88,3,84.4740711777255,3.143333333333334,1.0,1
84.0,40,7.53,2,104.00776386739196,4.154999999999999,0.5,1
84.0,41,2.93,2,81.79102909965752,10.71,0.5,1
84.0,5,11.06,3,87.06776318226788,2.3633333333333333,0.6666666666666666,1
84.0,7,11.59,3,60.97617212077147,0.7299999999999999,0.3333333333333333,0
84.0,8,12.46,6,91.96552816238061,4.430000000000001,0.16666666666666666,0
84.0,9,11.58,8,84.25216179794275,3.6362499999999995,0.75,1
85.0,0,12.27,4,136.5168773898224,1.1075,0.75,1
85.0,10,14.03,1,25.491647651730975,3.789999999999999,1.0,1
85.0,12,14.5,7,70.25616411484586,5.8999999999999995,1.0,1
85.0,14,12.13,3,81.28182785731536,2.2533333333333325,0.6666666666666666,1
85.0,15,12.77,1,66.89870701291618,0.9699999999999989,1.0,1
85.0,16,11.8,2,101.82303064174164,1.6949999999999994,0.5,1
85.0,17,13.02,3,88.73264766058794,4.739999999999999,0.6666666666666666,1
85.0,18,11.75,3,76.18984296233475,0.7133333333333335,0.3333333333333333,0
85.0,19,10.86,3,62.431684278171794,0.8133333333333338,0.3333333333333333,0
85.0,20,14.11,3,128.86227012009783,2.2799999999999994,0.3333333333333333,0
85.0,22,13.29,4,75.67224235972095,1.3499999999999996,1.0,1
85.0,23,0.23,8,57.871021755223865,10.971250000000001,0.875,1
85.0,24,10.24,1,25.491647651730975,3.789999999999999,1.0,1
85.0,25,11.6,10,74.88473459841921,3.432,0.8,1
85.0,26,11.46,8,87.99277835305803,4.09375,0.75,1
85.0,27,12.32,1,75.73763199361332,0.08000000000000007,0.0,0
85.0,28,14.67,3,82.5446598761851,2.586666666666666,1.0,1
85.0,29,9.06,2,93.05000000000001,4.93,1.0,1
85.0,3,14.68,7,123.34584355609272,6.079999999999999,0.0,0
85.0,30,12.26,3,62.431635604246516,1.0533333333333335,0.3333333333333333,0
85.0,31,15.96,2,99.30250932686913,6.760000000000002,0.0,0
85.0,33,0.0,8,58.28072242490173,11.1725,0.875,1
85.0,34,13.67,10,80.2656413956648,3.9270000000000005,0.8,1
85.0,35,13.88,3,107.2549246543147,0.9900000000000002,1.0,1
85.0,36,12.24,1,75.73763199361332,0.08000000000000007,0.0,0
85.0,37,15.87,2,115.6272930042258,4.259999999999999,0.5,1
85.0,39,12.1,8,83.75427242671722,3.97875,0.875,1
85.0,4,13.31,3,80.59693144479631,2.06,1.0,1
85.0,40,9.38,2,112.81867713528361,3.0299999999999994,0.5,1
85.0,41,5.38,2,86.85398777232709,9.110000000000001,0.5,1
85.0,5,11.09,3,92.068637598933,2.9466666666666668,0.3333333333333333,0
85.0,7,11.01,3,76.35646095507614,0.7133333333333335,0.3333333333333333,0
85.0,8,12.11,4,79.14018187344536,1.0549999999999997,0.25,0
85.0,9,11.14,8,82.80063433023584,4.382499999999999,0.75,1
86.0,0,14.16,4,137.9952026496447,1.6950000000000003,0.75,1
86.0,10,14.98,1,3.343785280187761,3.700000000000001,1.0,1
86.0,12,14.34,8,66.94343452511595,5.3275,1.0,1
86.0,14,10.66,3,86.95332068394731,2.77,0.3333333333333333,0
86.0,15,12.55,1,55.17138751200659,0.7000000000000011,1.0,1
86.0,16,11.85,1,55.17138751200659,0.7000000000000011,1.0,1
86.0,18,12.86,3,92.10692875632303,1.6599999999999995,0.3333333333333333,0
86.0,19,11.5,3,77.90549807070805,1.213333333333333,0.3333333333333333,0
86.0,20,13.31,3,140.53687983509445,1.8366666666666667,0.3333333333333333,0
86.0,22,12.96,7,106.34558050831826,4.6242857142857146,0.8571428571428571,1
86.0,23,0.03,9,62.97038932763155,11.163333333333334,0.8888888888888888,1
86.0,24,11.28,1,3.343785280187761,3.700000000000001,1.0,1
86.0,25,10.97,9,62.30404237006136,3.8699999999999997,0.8888888888888888,1
86.0,26,11.91,9,86.69212363036361,3.776666666666666,0.7777777777777778,1
86.0,27,13.06,2,120.90339581808138,1.0299999999999994,0.5,1
86.0,28,15.35,3,77.69050685965514,2.5933333333333337,1.0,1
86.0,29,11.45,2,96.17,3.12,1.0,1
86.0,3,14.27,7,135.0127088394482,5.821428571428571,0.0,0
86.0,30,12.19,3,77.90574810874416,1.213333333333333,0.3333333333333333,0
86.0,31,15.92,2,113.32082060870692,9.030000000000001,0.0,0
86.0,33,0.0,9,63.72186158680362,11.19,0.8888888888888888,1
86.0,34,13.27,10,76.41944429919596,3.7629999999999995,0.8,1
86.0,35,13.03,3,94.60852356848507,1.4033333333333335,1.0,1
86.0,36,13.41,1,102.19011498183178,0.34999999999999964,0.0,0
86.0,37,15.68,2,116.26496464169932,4.699999999999999,0.0,0
86.0,38,14.77,1,139.61667665433097,1.709999999999999,1.0,1
86.0,39,11.61,8,89.10704260015542,4.2162500000000005,0.875,1
86.0,4,13.79,3,76.3046833754966,1.5533333333333335,1.0,1
86.0,41,6.89,2,94.03104698815658,9.030000000000001,0.0,0
86.0,5,11.3,3,98.63353557894669,2.3433333333333333,0.3333333333333333,0
86.0,7,9.91,3,90.77384546102586,2.273333333333333,0.3333333333333333,0
86.0,8,11.77,3,83.75998256514886,1.036666666666667,0.0,0
86.0,9,11.35,9,87.46773341610924,3.7188888888888894,0.7777777777777778,1
87.0,0,14.35,3,132.87774291763228,2.803333333333333,1.0,1
87.0,10,14.09,1,25.531331731815314,3.8100000000000005,0.0,0
87.0,12,12.6,8,55.192123051739046,3.72875,0.875,1
87.0,14,11.89,2,65.58591844749121,2.5999999999999988,0.5,1
87.0,15,11.98,1,46.44640997967444,0.20999999999999908,1.0,1
87.0,16,12.19,1,46.44640997967444,0.20999999999999908,1.0,1
87.0,18,12.99,2,81.18816657186423,1.5100000000000007,0.5,1
87.0,19,10.1,3,91.72444752879346,3.4,0.3333333333333333,0
87.0,20,13.27,3,145.10399342544986,1.8433333333333326,0.6666666666666666,1
87.0,22,12.93,7,103.5272342859744,4.359999999999999,0.8571428571428571,1
87.0,23,0.01,9,58.891412895884855,11.033333333333333,0.8888888888888888,1
87.0,24,10.28,1,25.531331731815314,3.8100000000000005,0.0,0
87.0,25,11.63,9,58.47481087147685,3.375555555555555,0.8888888888888888,1
87.0,26,11.7,7,58.118825247709296,3.6999999999999997,1.0,1
87.0,27,12.22,2,120.09279255874944,1.419999999999999,0.5,1
87.0,28,15.34,3,73.20403669818089,3.4333333333333336,1.0,1
87.0,29,12.29,2,98.40500000000002,2.2250000000000005,1.0,1
87.0,3,14.95,4,141.00216673563594,8.864999999999998,0.0,0
87.0,30,12.86,3,91.7210377865044,3.4,0.3333333333333333,0
87.0,31,14.99,2,129.19567668557198,5.800000000000001,0.0,0
87.0,33,0.0,9,58.842914870677596,11.042222222222223,0.8888888888888888,1
87.0,34,12.7,9,64.04822521349519,3.619999999999999,0.8888888888888888,1
87.0,35,9.74,3,81.91296095214946,4.72,1.0,1
87.0,36,12.83,1,127.23024836885291,0.6099999999999994,0.0,0
87.0,37,16.08,3,129.40622994927844,4.066666666666665,0.0,0
87.0,38,14.45,1,112.95533674864595,2.2299999999999986,1.0,1
87.0,39,11.63,8,94.51790620068873,3.715,0.875,1
87.0,4,13.69,3,72.22225758730193,2.3333333333333335,1.0,1
87.0,40,13.72,2,114.8304324130096,4.530000000000001,1.0,1
87.0,41,9.19,3,116.2979972525434,5.165000000000001,0.5,1
87.0,5,10.88,2,75.39842647642645,3.1049999999999986,0.5,1
87.0,7,5.55,2,74.47720955226683,5.93,0.5,1
87.0,8,11.82,2,83.64995042894111,0.8499999999999996,0.0,0
87.0,9,11.23,8,75.39808005929395,3.55625,0.875,1
88.0,0,14.2,4,130.40723843103598,3.1774999999999993,1.0,1
88.0,10,14.3,1,50.451585703523754,3.58,0.0,0
88.0,12,8.26,8,47.529259179580016,5.112499999999999,0.875,1
88.0,14,10.96,2,68.94301593103468,2.164999999999999,0.5,1
88.0,15,11.87,2,94.9703163599018,0.6499999999999986,1.0,1
88.0,16,11.72,1,43.325707149451105,0.14999999999999858,1.0,1
88.0,18,12.8,1,21.720000000000027,0.26000000000000156,1.0,1
88.0,19,5.93,2,76.35297591366127,3.81,0.5,1
88.0,20,13.24,3,138.89478666795875,1.2366666666666664,0.6666666666666666,1
88.0,22,13.34,8,106.57872610935699,4.720000000000001,0.875,1
88.0,23,0.0,8,44.93072430827747,10.275,0.875,1
88.0,24,10.72,2,98.53325563693812,2.3649999999999993,0.5,1
88.0,25,11.81,8,47.23308199654083,3.9237500000000005,1.0,1
88.0,26,11.84,8,58.5383744815222,3.927500000000001,1.0,1
88.0,27,12.86,1,85.69976429372485,1.5500000000000007,1.0,1
88.0,28,15.3,4,86.18155315293183,4.010000000000001,1.0,1
88.0,29,11.86,3,113.7178878272381,3.8266666666666667,1.0,1
88.0,3,14.62,1,30.299453790456358,14.62,1.0,1
88.0,30,12.54,2,79.83855898755786,3.4350000000000005,0.5,1
88.0,33,0.0,8,43.6989783064241,10.275,0.875,1
88.0,34,13.49,8,45.91948881554663,4.901250000000001,1.0,1
88.0,35,5.53,4,86.78023708168324,8.202499999999999,1.0,1
88.0,37,14.97,3,133.44259469570216,3.143333333333334,0.0,0
88.0,38,14.41,1,85.69976429372485,1.5500000000000007,1.0,1
88.0,39,12.22,8,98.99259303749766,4.182499999999999,0.625,1
88.0,4,13.57,3,68.6385878243883,3.8266666666666667,1.0,1
88.0,40,13.07,2,110.54655552074077,1.5300000000000011,1.0,1
88.0,41,11.54,2,97.82564448367414,1.5300000000000011,1.0,1
88.0,44,0.0,1,30.299453790456358,14.62,1.0,1
88.0,5,11.28,2,79.29087611251856,2.005,0.5,1
88.0,7,6.94,1,14.748833852206834,1.0100000000000007,1.0,1
88.0,8,12.62,2,108.54067088998237,1.0499999999999998,0.0,0
88.0,9,11.24,8,71.12912932001663,4.045,0.875,1
89.0,0,14.34,5,125.68537695526443,3.5800000000000005,0.6,1
89.0,10,14.34,1,75.25806335536411,3.83,0.0,0
89.0,12,4.07,8,43.90871891816649,6.8175,0.875,1
89.0,14,11.5,2,73.77591280157074,0.5599999999999996,0.5,1
89.0,15,12.63,2,85.30083932696046,1.5300000000000011,1.0,1
89.0,16,11.69,1,47.12020797916744,0.9400000000000013,1.0,1
89.0,18,12.7,1,21.27000000000004,0.45000000000000107,1.0,1
89.0,19,8.49,1,12.644722219171172,1.75,1.0,1
89.0,20,13.59,3,134.30879715938522,1.92,0.3333333333333333,0
89.0,22,12.72,8,101.30683232638106,4.97875,0.875,1
89.0,23,0.0,8,42.2872117672365,9.36125,0.875,1
89.0,24,10.51,2,99.36976701505878,2.9750000000000005,0.5,1
89.0,25,11.01,8,48.87353361311793,4.307499999999999,1.0,1
89.0,26,11.85,8,46.35242359979548,4.449999999999999,0.875,1
89.0,27,11.91,1,59.08671593514062,2.8100000000000005,1.0,1
89.0,28,15.17,4,84.43774562966213,4.612499999999999,0.75,1
89.0,29,12.89,3,110.35028169291654,4.733333333333333,0.6666666666666666,1
89.0,3,14.71,1,13.72816448036664,12.64,1.0,1
89.0,30,13.15,1,21.27000000000004,0.45000000000000107,1.0,1
89.0,33,0.0,8,40.26160918455332,9.36125,0.875,1
89.0,34,12.9,8,40.221153708861095,5.15125,1.0,1
89.0,35,1.54,4,77.70825749323696,12.425,1.0,1
89.0,37,10.47,3,141.04459304459155,1.696666666666666,0.0,0
89.0,38,14.72,1,59.08671593514062,2.8100000000000005,1.0,1
89.0,39,11.7,8,103.88323596822755,4.699999999999999,0.375,0
89.0,4,13.46,4,82.07783145470191,3.77,1.0,1
89.0,40,14.2,2,106.34646139398319,0.9199999999999999,1.0,1
89.0,41,13.28,2,97.5628082229056,0.9199999999999999,1.0,1
89.0,44,2.07,1,13.72816448036664,12.64,1.0,1
89.0,5,11.41,2,84.22097676531658,0.5149999999999997,0.5,1
89.0,7,6.74,1,12.644722219171172,1.75,1.0,1
89.0,8,11.82,1,104.59896031988082,0.9000000000000004,0.0,0
89.0,9,10.64,7,53.94065089416813,4.824285714285714,1.0,1
90.0,0,13.87,5,118.02440805522515,2.6659999999999995,0.6,1
90.0,10,14.86,1,100.39101354204965,4.58,0.0,0
90.0,12,6.44,8,42.60037936454363,5.045,0.875,1
90.0,14,11.31,2,78.80812110700852,3.0400000000000005,0.5,1
90.0,15,11.82,2,78.69408778835539,2.7300000000000004,1.0,1
90.0,16,7.9,1,56.007660190370395,3.92,1.0,1
90.0,18,11.79,1,20.359999999999957,0.9100000000000001,1.0,1
90.0,19,10.33,1,20.318703206651755,1.0700000000000003,1.0,1
90.0,20,13.83,2,118.09557336365974,1.085,0.5,1
90.0,22,13.21,8,95.94184632409718,5.7675,0.875,1
90.0,23,0.0,8,41.802277969523885,9.070000000000002,0.875,1
90.0,24,10.28,2,100.885764464195,3.0600000000000005,0.5,1
90.0,25,11.4,8,55.213490856579355,4.3025,1.0,1
90.0,26,7.38,8,41.44656411253201,4.6925,0.875,1
90.0,27,11.88,1,32.92586976831441,2.469999999999999,1.0,1
90.0,28,14.67,4,85.63705991997492,3.9025000000000003,0.75,1
90.0,29,11.78,3,108.24366547692539,4.363333333333334,0.6666666666666666,1
90.0,3,11.04,1,3.6095567594928184,7.059999999999999,1.0,1
90.0,30,12.7,1,20.359999999999957,0.9100000000000001,1.0,1
90.0,33,0.0,8,39.94200398081197,9.070000000000002,0.875,1
90.0,34,11.48,8,41.06089993430974,4.3325,1.0,1
90.0,35,3.61,4,72.0670789686314,9.922500000000001,1.0,1
90.0,37,5.97,1,137.36624221401703,5.340000000000001,0.0,0
90.0,38,14.35,1,32.92586976831441,2.469999999999999,1.0,1
90.0,39,11.7,8,108.8776747835441,4.725,0.375,0
90.0,4,13.81,4,74.87106691053,3.2875,1.0,1
90.0,40,14.27,2,103.1514293719917,1.2599999999999998,1.0,1
90.0,41,13.01,2,100.37281873241113,1.2599999999999998,1.0,1
90.0,44,3.98,1,3.6095567594928184,7.059999999999999,1.0,1
90.0,5,10.57,1,20.25,0.7400000000000002,1.0,1
90.0,7,9.26,1,20.318703206651755,1.0700000000000003,1.0,1
90.0,8,11.89,1,129.6994818802296,1.3200000000000003,0.0,0
90.0,9,10.95,7,46.10446809983231,4.7457142857142856,1.0,1
91.0,0,14.46,6,115.94080305251725,2.856666666666667,0.6666666666666666,1
91.0,10,14.14,1,125.88068001087376,2.780000000000001,0.0,0
91.0,12,6.36,8,46.009288089335826,5.485,0.625,1
91.0,14,11.0,1,19.700000000000045,0.5500000000000007,1.0,1
91.0,15,11.9,2,72.63869706993046,4.155000000000001,1.0,1
91.0,16,4.13,2,106.16559921556225,7.5,1.0,1
91.0,18,12.26,1,21.680000000000007,1.3200000000000003,1.0,1
91.0,19,12.84,2,90.96360304333753,2.9449999999999994,1.0,1
91.0,20,13.13,2,110.35918868052008,1.5200000000000005,0.5,1
91.0,22,13.3,7,81.50630833004716,7.014285714285715,1.0,1
91.0,23,0.0,8,43.04448899427254,8.59,0.875,1
91.0,24,11.36,3,116.4085256062112,3.516666666666667,0.6666666666666666,1
91.0,25,11.1,8,61.42244469029972,4.8925,0.875,1
91.0,26,2.88,8,42.316962337917715,6.789999999999999,0.875,1
91.0,27,12.15,1,8.542037227734383,0.5499999999999989,1.0,1
91.0,28,14.75,4,86.92227641569585,3.4099999999999997,0.75,1
91.0,29,11.64,4,115.19040072231046,3.2475,0.75,1
91.0,3,6.54,1,14.54634318308214,0.5599999999999996,1.0,1
91.0,30,10.94,1,21.680000000000007,1.3200000000000003,1.0,1
91.0,33,0.0,8,41.53262496553799,8.59,0.875,1
91.0,34,12.15,8,47.391978684335044,5.366250000000001,0.875,1
91.0,35,6.1,4,67.85401578673287,7.402500000000002,1.0,1
91.0,38,12.7,1,8.542037227734383,0.5499999999999989,1.0,1
91.0,39,11.42,8,114.18563182175339,5.280000000000001,0.375,0
91.0,4,13.16,4,69.06633085347386,2.8675,1.0,1
91.0,40,14.25,1,121.09205919464748,1.2899999999999991,0.0,0
91.0,41,12.96,1,121.09205919464748,1.2899999999999991,0.0,0
91.0,43,8.9,1,146.92485188013632,3.9399999999999995,1.0,1
91.0,44,5.98,1,14.54634318308214,0.5599999999999996,1.0,1
91.0,5,10.45,1,19.700000000000045,0.5500000000000007,1.0,1
91.0,7,10.89,1,35.00235420653874,1.9499999999999993,1.0,1
91.0,9,11.51,7,38.08503105493548,5.662857142857143,1.0,1
92.0,0,14.23,6,108.37019948901008,2.4666666666666672,0.6666666666666666,1
92.0,12,8.17,7,37.41122848767306,5.345714285714286,0.7142857142857143,1
92.0,14,10.9,1,19.159999999999968,0.5300000000000011,1.0,1
92.0,15,11.63,3,71.3657265124602,6.236666666666667,1.0,1
92.0,16,5.73,3,76.06075020993165,5.45,1.0,1
92.0,18,11.74,1,20.70999999999998,0.9700000000000006,1.0,1
92.0,19,15.35,2,86.64140679064427,4.165,1.0,1
92.0,20,13.49,3,114.45809991644053,1.55,0.6666666666666666,1
92.0,22,12.71,7,72.33306290835887,6.70857142857143,1.0,1
92.0,23,0.0,8,45.2510097981395,8.3,0.875,1
92.0,24,10.45,3,108.46200510165579,5.45,1.0,1
92.0,25,11.39,9,75.99869318998948,4.603333333333333,0.8888888888888888,1
92.0,26,0.48,8,44.54605216928362,8.0,0.875,1
92.0,27,12.57,1,14.068759717899797,3.5199999999999996,1.0,1
92.0,28,15.05,6,107.76580181608033,5.143333333333334,0.8333333333333334,1
92.0,29,11.79,4,110.59140394653305,2.2675,0.75,1
92.0,3,5.92,2,86.66997938511977,5.25,1.0,1
92.0,30,12.71,1,20.70999999999998,0.9700000000000006,1.0,1
92.0,33,0.0,8,43.82521916619444,8.3,0.875,1
92.0,34,11.13,8,53.916787471812334,4.81875,0.875,1
92.0,35,8.57,4,64.62135312137967,4.6075,1.0,1
92.0,38,9.05,1,14.068759717899797,3.5199999999999996,1.0,1
92.0,39,11.68,7,113.781022262971,5.679999999999999,0.42857142857142855,0
92.0,4,11.64,4,64.88054215760003,2.3049999999999997,1.0,1
92.0,40,14.22,1,122.35183529477607,1.8800000000000008,0.0,0
92.0,41,12.34,1,122.35183529477607,1.8800000000000008,0.0,0
92.0,43,11.11,1,120.47250682209621,4.24,1.0,1
92.0,44,7.29,2,86.32221720368621,4.565,1.0,1
92.0,46,0.0,4,94.23326415408387,9.7675,1.0,1
92.0,5,10.37,1,19.159999999999968,0.5300000000000011,1.0,1
92.0,7,11.26,2,100.00254735519835,7.675,1.0,1
92.0,9,10.84,7,32.87813662586777,5.345714285714285,1.0,1
93.0,0,14.3,6,102.98664759128904,3.4666666666666672,0.6666666666666666,1
93.0,12,9.47,7,47.09234486087813,5.228571428571428,0.5714285714285714,1
93.0,14,10.19,1,19.360000000000014,0.21000000000000085,1.0,1
93.0,15,12.21,3,72.08081122492514,6.6066666666666665,0.3333333333333333,0
93.0,16,4.9,4,93.05308851815354,5.817500000000001,0.75,1
93.0,18,12.34,2,76.66947960840835,1.005,1.0,1
93.0,19,14.97,2,82.07169926467691,2.3000000000000007,0.5,1
93.0,20,10.19,4,117.1211747456119,1.9225000000000008,0.75,1
93.0,22,12.35,7,63.49216062235795,6.157142857142857,1.0,1
93.0,23,0.0,7,32.83062210550288,7.957142857142857,1.0,1
93.0,24,10.27,3,94.16822520632586,5.3133333333333335,1.0,1
93.0,25,11.1,9,80.40700193213382,4.231111111111111,0.8888888888888888,1
93.0,26,0.08,8,47.09021289571524,8.31625,0.875,1
93.0,27,13.16,2,81.96624620979706,4.02,1.0,1
93.0,28,15.52,6,106.50505833884525,5.468333333333333,0.6666666666666666,1
93.0,29,12.84,4,104.49770812562915,3.04,0.75,1
93.0,3,6.07,2,87.84184940835243,6.409999999999999,1.0,1
93.0,30,11.15,1,21.900000000000034,1.1899999999999995,1.0,1
93.0,33,0.0,7,31.430962593923656,7.957142857142857,1.0,1
93.0,34,11.82,9,70.57363692091698,4.682222222222222,0.8888888888888888,1
93.0,35,10.5,4,63.387473279627706,3.625,1.0,1
93.0,38,5.94,1,32.493533202777456,7.22,1.0,1
93.0,39,11.23,5,103.5316918923415,3.1960000000000006,0.6,1
93.0,4,7.16,4,62.50764780729092,6.13,0.75,1
93.0,40,14.01,1,127.36868139381835,0.7400000000000002,0.0,0
93.0,41,13.27,1,127.36868139381835,0.7400000000000002,0.0,0
93.0,43,13.11,2,120.33281989335568,1.37,1.0,1
93.0,44,9.44,2,86.43927102671366,4.725,1.0,1
93.0,46,1.64,4,90.5058967096621,8.2625,0.75,1
93.0,5,10.4,1,19.360000000000014,0.21000000000000085,1.0,1
93.0,7,12.23,4,124.67795426723154,5.385,0.75,1
93.0,9,10.88,7,31.658277767116235,5.228571428571429,0.8571428571428571,1
94.0,0,14.64,4,72.99772611290379,4.275,0.75,1
94.0,10,14.14,1,135.36782815721023,1.4000000000000004,1.0,1
94.0,12,12.04,7,60.4828619893403,5.442857142857143,0.5714285714285714,1
94.0,14,10.15,1,20.710000000000036,1.3499999999999996,1.0,1
94.0,15,12.82,3,73.07184187843136,6.8133333333333335,0.3333333333333333,0
94.0,16,3.4,4,90.02439048767701,6.290000000000001,0.75,1
94.0,18,12.24,2,63.99903890420855,0.4349999999999996,1.0,1
94.0,19,15.15,2,76.97216801886955,2.675,0.5,1
94.0,20,5.69,3,93.64081049080431,6.083333333333333,1.0,1
94.0,22,12.97,8,67.27127822056698,5.578750000000001,1.0,1
94.0,23,0.0,8,49.813652587891745,9.0125,1.0,1
94.0,24,10.83,3,79.37938654647475,5.486666666666667,1.0,1
94.0,25,11.99,9,85.62810708138188,4.953333333333335,0.8888888888888888,1
94.0,26,0.03,8,49.40223595960528,8.993750000000002,1.0,1
94.0,27,12.7,3,93.87126213823649,2.2733333333333325,1.0,1
94.0,28,14.91,6,98.84573434043925,6.538333333333334,0.6666666666666666,1
94.0,29,11.71,3,81.09141447136044,3.81,1.0,1
94.0,3,8.19,3,70.21386537290313,6.246666666666667,1.0,1
94.0,30,12.65,2,74.73500468786605,0.22999999999999954,1.0,1
94.0,32,12.74,1,135.36782815721023,1.4000000000000004,1.0,1
94.0,33,0.0,8,49.02221799822836,9.0125,1.0,1
94.0,34,11.72,9,75.67674553061372,4.833333333333333,0.8888888888888888,1
94.0,35,11.94,5,81.5304830058484,5.268,1.0,1
94.0,38,6.39,1,47.105699230560205,6.31,1.0,1
94.0,39,11.61,3,73.6645116380912,2.136666666666667,1.0,1
94.0,4,3.44,4,61.71855822658763,9.860000000000001,0.75,1
94.0,40,14.11,1,134.81061864704876,0.9900000000000002,0.0,0
94.0,41,13.12,1,134.81061864704876,0.9900000000000002,0.0,0
94.0,43,13.63,2,101.93278837112659,1.915,1.0,1
94.0,44,12.02,8,120.54940811666658,7.05125,1.0,1
94.0,46,3.79,4,87.57426482689736,5.9975000000000005,0.75,1
94.0,47,0.0,4,83.47406883305013,11.765,1.0,1
94.0,5,11.5,1,20.710000000000036,1.3499999999999996,1.0,1
94.0,7,11.32,4,119.85035925535085,5.3975,0.75,1
94.0,9,11.33,8,48.62747633106689,4.75625,0.875,1
